,eps,n,alpha,beta,gamma,phi**2,psi**2
39434,78.355,1.3328,0.82,0.35,103.62,0.0,0.0
41967,78.355,1.3328,0.82,0.35,103.62,0.0,0.0
14651,17.332,1.3993,0.37,0.48,35.88,0.0,0.0
3156,32.613,1.3288,0.43,0.47,31.77,0.0,0.0
49631,4.7113,1.4459,0.15,0.02,38.39,0.0,0.5625
30727,19.264,1.3776,0.33,0.56,30.13,0.0,0.0
30981,19.264,1.3776,0.33,0.56,30.13,0.0,0.0
47518,6.8615,1.3614,0.0,0.45,35.59,0.0,0.0
41429,78.355,1.3328,0.82,0.35,103.62,0.0,0.0
33097,2.3741,1.4961,0.0,0.14,40.2,0.734449,0.0
33886,16.777,1.3955,0.37,0.48,32.38,0.0,0.0
34610,16.777,1.3955,0.37,0.48,32.38,0.0,0.0
42391,5.5205,1.3842,0.0,0.45,34.26,0.0,0.0
19504,20.493,1.3588,0.04,0.49,33.77,0.0,0.0
20094,5.9867,1.3723,0.0,0.45,33.67,0.0,0.0
8550,24.852,1.3611,0.37,0.48,31.62,0.0,0.0
21686,5.9867,1.3723,0.0,0.45,33.67,0.0,0.0
27180,19.264,1.3776,0.33,0.56,30.13,0.0,0.0
211,32.613,1.3288,0.43,0.47,31.77,0.0,0.0
3148,32.613,1.3288,0.43,0.47,31.77,0.0,0.0
26401,35.688,1.3442,0.07,0.32,41.25,0.0,0.0
16187,17.332,1.3993,0.37,0.48,35.88,0.0,0.0
41445,78.355,1.3328,0.82,0.35,103.62,0.0,0.0
16721,20.493,1.3588,0.04,0.49,33.77,0.0,0.0
965,32.613,1.3288,0.43,0.47,31.77,0.0,0.0
40698,78.355,1.3328,0.82,0.35,103.62,0.0,0.0
43661,37.219,1.4305,0.0,0.74,49.56,0.0,0.0
27568,19.264,1.3776,0.33,0.56,30.13,0.0,0.0
9515,24.852,1.3611,0.37,0.48,31.62,0.0,0.0
43547,37.219,1.4305,0.0,0.74,49.56,0.0,0.0
7378,24.852,1.3611,0.37,0.48,31.62,0.0,0.0
31351,9.8629,1.4295,0.37,0.48,39.01,0.0,0.0
2048,32.613,1.3288,0.43,0.47,31.77,0.0,0.0
20102,5.9867,1.3723,0.0,0.45,33.67,0.0,0.0
29420,19.264,1.3776,0.33,0.56,30.13,0.0,0.0
18008,20.493,1.3588,0.04,0.49,33.77,0.0,0.0
37371,15.944,1.3978,0.33,0.56,32.44,0.0,0.0
4834,24.852,1.3611,0.37,0.48,31.62,0.0,0.0
30325,19.264,1.3776,0.33,0.56,30.13,0.0,0.0
35079,15.13,1.4101,0.37,0.48,36.5,0.0,0.0
41858,78.355,1.3328,0.82,0.35,103.62,0.0,0.0
37717,15.944,1.3978,0.33,0.56,32.44,0.0,0.0
10198,20.524,1.385,0.37,0.48,33.57,0.0,0.0
15853,17.332,1.3993,0.37,0.48,35.88,0.0,0.0
20330,5.9867,1.3723,0.0,0.45,33.67,0.0,0.0
22886,5.9867,1.3723,0.0,0.45,33.67,0.0,0.0
6141,24.852,1.3611,0.37,0.48,31.62,0.0,0.0
47577,6.8615,1.3614,0.0,0.45,35.59,0.0,0.0
25008,35.688,1.3442,0.07,0.32,41.25,0.0,0.0
2617,32.613,1.3288,0.43,0.47,31.77,0.0,0.0
18902,20.493,1.3588,0.04,0.49,33.77,0.0,0.0
13594,17.332,1.3993,0.37,0.48,35.88,0.0,0.0
8898,24.852,1.3611,0.37,0.48,31.62,0.0,0.0
47284,6.8615,1.3614,0.0,0.45,35.59,0.0,0.0
16304,17.332,1.3993,0.37,0.48,35.88,0.0,0.0
4690,24.852,1.3611,0.37,0.48,31.62,0.0,0.0
6472,24.852,1.3611,0.37,0.48,31.62,0.0,0.0
28701,19.264,1.3776,0.33,0.56,30.13,0.0,0.0
28225,19.264,1.3776,0.33,0.56,30.13,0.0,0.0
30234,19.264,1.3776,0.33,0.56,30.13,0.0,0.0
26920,35.688,1.3442,0.07,0.32,41.25,0.0,0.0
27723,19.264,1.3776,0.33,0.56,30.13,0.0,0.0
27083,19.264,1.3776,0.33,0.56,30.13,0.0,0.0
46660,2.228,1.4601,0.0,0.0,38.04,0.0,0.6400000000000001
37329,15.944,1.3978,0.33,0.56,32.44,0.0,0.0
359,32.613,1.3288,0.43,0.47,31.77,0.0,0.0
8500,24.852,1.3611,0.37,0.48,31.62,0.0,0.0
17569,20.493,1.3588,0.04,0.49,33.77,0.0,0.0
17034,20.493,1.3588,0.04,0.49,33.77,0.0,0.0
16883,20.493,1.3588,0.04,0.49,33.77,0.0,0.0
47044,6.8615,1.3614,0.0,0.45,35.59,0.0,0.0
33817,16.777,1.3955,0.37,0.48,32.38,0.0,0.0
35895,7.4257,1.405,0.0,0.48,39.44,0.0,0.0
10499,20.524,1.385,0.37,0.48,33.57,0.0,0.0
9650,24.852,1.3611,0.37,0.48,31.62,0.0,0.0
46485,4.24,1.3526,0.0,0.41,23.96,0.0,0.0
44902,40.245,1.4318,0.58,0.78,69.07,0.0,0.0
1128,32.613,1.3288,0.43,0.47,31.77,0.0,0.0
12434,20.524,1.385,0.37,0.48,33.57,0.0,0.0
1158,32.613,1.3288,0.43,0.47,31.77,0.0,0.0
44785,40.245,1.4318,0.58,0.78,69.07,0.0,0.0
45020,40.245,1.4318,0.58,0.78,69.07,0.0,0.0
10310,20.524,1.385,0.37,0.48,33.57,0.0,0.0
40687,78.355,1.3328,0.82,0.35,103.62,0.0,0.0
35281,15.13,1.4101,0.37,0.48,36.5,0.0,0.0
35568,7.4257,1.405,0.0,0.48,39.44,0.0,0.0
38079,2.2099,1.4224,0.0,0.64,47.14,0.0,0.0
10099,20.524,1.385,0.37,0.48,33.57,0.0,0.0
28170,19.264,1.3776,0.33,0.56,30.13,0.0,0.0
6912,24.852,1.3611,0.37,0.48,31.62,0.0,0.0
35431,15.13,1.4101,0.37,0.48,36.5,0.0,0.0
19949,20.493,1.3588,0.04,0.49,33.77,0.0,0.0
20082,5.9867,1.3723,0.0,0.45,33.67,0.0,0.0
1758,32.613,1.3288,0.43,0.47,31.77,0.0,0.0
18081,20.493,1.3588,0.04,0.49,33.77,0.0,0.0
3471,32.613,1.3288,0.43,0.47,31.77,0.0,0.0
16440,17.332,1.3993,0.37,0.48,35.88,0.0,0.0
52426,12.51,1.4178,0.37,0.48,37.15,0.0,0.0
47016,6.8615,1.3614,0.0,0.45,35.59,0.0,0.0
1139,32.613,1.3288,0.43,0.47,31.77,0.0,0.0
36668,18.246,1.3788,0.0,0.51,34.5,0.0,0.0
1353,32.613,1.3288,0.43,0.47,31.77,0.0,0.0
26033,35.688,1.3442,0.07,0.32,41.25,0.0,0.0
36291,18.246,1.3788,0.0,0.51,34.5,0.0,0.0
7211,24.852,1.3611,0.37,0.48,31.62,0.0,0.0
45117,40.245,1.4318,0.58,0.78,69.07,0.0,0.0
7696,24.852,1.3611,0.37,0.48,31.62,0.0,0.0
38898,2.2099,1.4224,0.0,0.64,47.14,0.0,0.0
45464,2.0165,1.4266,0.0,0.0,35.48,0.0,0.0
36272,18.246,1.3788,0.0,0.51,34.5,0.0,0.0
13684,17.332,1.3993,0.37,0.48,35.88,0.0,0.0
38433,2.2099,1.4224,0.0,0.64,47.14,0.0,0.0
47027,6.8615,1.3614,0.0,0.45,35.59,0.0,0.0
20891,5.9867,1.3723,0.0,0.45,33.67,0.0,0.0
36408,18.246,1.3788,0.0,0.51,34.5,0.0,0.0
15259,17.332,1.3993,0.37,0.48,35.88,0.0,0.0
16888,20.493,1.3588,0.04,0.49,33.77,0.0,0.0
1247,32.613,1.3288,0.43,0.47,31.77,0.0,0.0
27208,19.264,1.3776,0.33,0.56,30.13,0.0,0.0
16642,20.493,1.3588,0.04,0.49,33.77,0.0,0.0
14317,17.332,1.3993,0.37,0.48,35.88,0.0,0.0
48734,1.8819,1.3749,0.0,0.0,25.75,0.0,0.0
11220,20.524,1.385,0.37,0.48,33.57,0.0,0.0
16730,20.493,1.3588,0.04,0.49,33.77,0.0,0.0
26615,35.688,1.3442,0.07,0.32,41.25,0.0,0.0
26844,35.688,1.3442,0.07,0.32,41.25,0.0,0.0
25300,35.688,1.3442,0.07,0.32,41.25,0.0,0.0
36312,18.246,1.3788,0.0,0.51,34.5,0.0,0.0
24280,35.688,1.3442,0.07,0.32,41.25,0.0,0.0
24448,35.688,1.3442,0.07,0.32,41.25,0.0,0.0
49460,4.7113,1.4459,0.15,0.02,38.39,0.0,0.5625
21460,5.9867,1.3723,0.0,0.45,33.67,0.0,0.0
38129,2.2099,1.4224,0.0,0.64,47.14,0.0,0.0
23591,5.9867,1.3723,0.0,0.45,33.67,0.0,0.0
13646,17.332,1.3993,0.37,0.48,35.88,0.0,0.0
39895,78.355,1.3328,0.82,0.35,103.62,0.0,0.0
24623,35.688,1.3442,0.07,0.32,41.25,0.0,0.0
13674,17.332,1.3993,0.37,0.48,35.88,0.0,0.0
41918,78.355,1.3328,0.82,0.35,103.62,0.0,0.0
47064,6.8615,1.3614,0.0,0.45,35.59,0.0,0.0
5255,24.852,1.3611,0.37,0.48,31.62,0.0,0.0
36015,7.4257,1.405,0.0,0.48,39.44,0.0,0.0
20664,5.9867,1.3723,0.0,0.45,33.67,0.0,0.0
23873,8.93,1.4242,0.1,0.05,39.15,0.0,0.444889
22556,5.9867,1.3723,0.0,0.45,33.67,0.0,0.0
49259,8.331,1.3599,0.0,0.38,33.36,0.0,0.0
24727,35.688,1.3442,0.07,0.32,41.25,0.0,0.0
722,32.613,1.3288,0.43,0.47,31.77,0.0,0.0
9800,24.852,1.3611,0.37,0.48,31.62,0.0,0.0
47586,6.8615,1.3614,0.0,0.45,35.59,0.0,0.0
31602,15.619000000000002,1.4507,0.0,0.56,49.76,0.0,0.0
10595,20.524,1.385,0.37,0.48,33.57,0.0,0.0
38627,2.2099,1.4224,0.0,0.64,47.14,0.0,0.0
21671,5.9867,1.3723,0.0,0.45,33.67,0.0,0.0
16580,20.493,1.3588,0.04,0.49,33.77,0.0,0.0
48639,1.8819,1.3749,0.0,0.0,25.75,0.0,0.0
47257,6.8615,1.3614,0.0,0.45,35.59,0.0,0.0
45098,40.245,1.4318,0.58,0.78,69.07,0.0,0.0
24156,8.93,1.4242,0.1,0.05,39.15,0.0,0.444889
41233,78.355,1.3328,0.82,0.35,103.62,0.0,0.0
10455,20.524,1.385,0.37,0.48,33.57,0.0,0.0
5011,24.852,1.3611,0.37,0.48,31.62,0.0,0.0
33090,2.3741,1.4961,0.0,0.14,40.2,0.734449,0.0
9406,24.852,1.3611,0.37,0.48,31.62,0.0,0.0
23913,8.93,1.4242,0.1,0.05,39.15,0.0,0.444889
20500,5.9867,1.3723,0.0,0.45,33.67,0.0,0.0
14115,17.332,1.3993,0.37,0.48,35.88,0.0,0.0
25339,35.688,1.3442,0.07,0.32,41.25,0.0,0.0
33758,16.777,1.3955,0.37,0.48,32.38,0.0,0.0
8403,24.852,1.3611,0.37,0.48,31.62,0.0,0.0
8888,24.852,1.3611,0.37,0.48,31.62,0.0,0.0
4475,24.852,1.3611,0.37,0.48,31.62,0.0,0.0
52932,1.8371,1.3575,0.0,0.0,22.3,0.0,0.0
5193,24.852,1.3611,0.37,0.48,31.62,0.0,0.0
27550,19.264,1.3776,0.33,0.56,30.13,0.0,0.0
49798,4.7113,1.4459,0.15,0.02,38.39,0.0,0.5625
49398,4.7113,1.4459,0.15,0.02,38.39,0.0,0.5625
34209,16.777,1.3955,0.37,0.48,32.38,0.0,0.0
19192,20.493,1.3588,0.04,0.49,33.77,0.0,0.0
8289,24.852,1.3611,0.37,0.48,31.62,0.0,0.0
22177,5.9867,1.3723,0.0,0.45,33.67,0.0,0.0
25407,35.688,1.3442,0.07,0.32,41.25,0.0,0.0
10046,20.524,1.385,0.37,0.48,33.57,0.0,0.0
696,32.613,1.3288,0.43,0.47,31.77,0.0,0.0
42171,78.355,1.3328,0.82,0.35,103.62,0.0,0.0
16831,20.493,1.3588,0.04,0.49,33.77,0.0,0.0
15928,17.332,1.3993,0.37,0.48,35.88,0.0,0.0
12938,20.524,1.385,0.37,0.48,33.57,0.0,0.0
28946,19.264,1.3776,0.33,0.56,30.13,0.0,0.0
1527,32.613,1.3288,0.43,0.47,31.77,0.0,0.0
18164,20.493,1.3588,0.04,0.49,33.77,0.0,0.0
26336,35.688,1.3442,0.07,0.32,41.25,0.0,0.0
36557,18.246,1.3788,0.0,0.51,34.5,0.0,0.0
8567,24.852,1.3611,0.37,0.48,31.62,0.0,0.0
21269,5.9867,1.3723,0.0,0.45,33.67,0.0,0.0
47083,6.8615,1.3614,0.0,0.45,35.59,0.0,0.0
35616,7.4257,1.405,0.0,0.48,39.44,0.0,0.0
23482,5.9867,1.3723,0.0,0.45,33.67,0.0,0.0
42990,37.219,1.4305,0.0,0.74,49.56,0.0,0.0
6675,24.852,1.3611,0.37,0.48,31.62,0.0,0.0
20133,5.9867,1.3723,0.0,0.45,33.67,0.0,0.0
44925,40.245,1.4318,0.58,0.78,69.07,0.0,0.0
52408,12.51,1.4178,0.37,0.48,37.15,0.0,0.0
39582,78.355,1.3328,0.82,0.35,103.62,0.0,0.0
31172,9.8629,1.4295,0.37,0.48,39.01,0.0,0.0
31206,9.8629,1.4295,0.37,0.48,39.01,0.0,0.0
1408,32.613,1.3288,0.43,0.47,31.77,0.0,0.0
11663,20.524,1.385,0.37,0.48,33.57,0.0,0.0
38293,2.2099,1.4224,0.0,0.64,47.14,0.0,0.0
38994,2.2099,1.4224,0.0,0.64,47.14,0.0,0.0
14486,17.332,1.3993,0.37,0.48,35.88,0.0,0.0
5748,24.852,1.3611,0.37,0.48,31.62,0.0,0.0
24413,35.688,1.3442,0.07,0.32,41.25,0.0,0.0
20730,5.9867,1.3723,0.0,0.45,33.67,0.0,0.0
37259,15.944,1.3978,0.33,0.56,32.44,0.0,0.0
31276,9.8629,1.4295,0.37,0.48,39.01,0.0,0.0
64,32.613,1.3288,0.43,0.47,31.77,0.0,0.0
39187,78.355,1.3328,0.82,0.35,103.62,0.0,0.0
5791,24.852,1.3611,0.37,0.48,31.62,0.0,0.0
31343,9.8629,1.4295,0.37,0.48,39.01,0.0,0.0
11211,20.524,1.385,0.37,0.48,33.57,0.0,0.0
36371,18.246,1.3788,0.0,0.51,34.5,0.0,0.0
32212,2.3741,1.4961,0.0,0.14,40.2,0.734449,0.0
48045,12.47,1.3878,0.31,0.6,28.73,0.0,0.0
4349,32.613,1.3288,0.43,0.47,31.77,0.0,0.0
16068,17.332,1.3993,0.37,0.48,35.88,0.0,0.0
25854,35.688,1.3442,0.07,0.32,41.25,0.0,0.0
38981,2.2099,1.4224,0.0,0.64,47.14,0.0,0.0
9962,24.852,1.3611,0.37,0.48,31.62,0.0,0.0
31334,9.8629,1.4295,0.37,0.48,39.01,0.0,0.0
12705,20.524,1.385,0.37,0.48,33.57,0.0,0.0
23521,5.9867,1.3723,0.0,0.45,33.67,0.0,0.0
37363,15.944,1.3978,0.33,0.56,32.44,0.0,0.0
5943,24.852,1.3611,0.37,0.48,31.62,0.0,0.0
13819,17.332,1.3993,0.37,0.48,35.88,0.0,0.0
48009,4.9941,1.3941,0.0,0.45,35.81,0.0,0.0
43485,37.219,1.4305,0.0,0.74,49.56,0.0,0.0
1256,32.613,1.3288,0.43,0.47,31.77,0.0,0.0
47109,6.8615,1.3614,0.0,0.45,35.59,0.0,0.0
44657,40.245,1.4318,0.58,0.78,69.07,0.0,0.0
47132,6.8615,1.3614,0.0,0.45,35.59,0.0,0.0
36093,7.4257,1.405,0.0,0.48,39.44,0.0,0.0
5440,24.852,1.3611,0.37,0.48,31.62,0.0,0.0
3047,32.613,1.3288,0.43,0.47,31.77,0.0,0.0
23037,5.9867,1.3723,0.0,0.45,33.67,0.0,0.0
47095,6.8615,1.3614,0.0,0.45,35.59,0.0,0.0
27754,19.264,1.3776,0.33,0.56,30.13,0.0,0.0
851,32.613,1.3288,0.43,0.47,31.77,0.0,0.0
44677,40.245,1.4318,0.58,0.78,69.07,0.0,0.0
52938,1.8371,1.3575,0.0,0.0,22.3,0.0,0.0
31950,2.3741,1.4961,0.0,0.14,40.2,0.734449,0.0
13747,17.332,1.3993,0.37,0.48,35.88,0.0,0.0
10331,20.524,1.385,0.37,0.48,33.57,0.0,0.0
35252,15.13,1.4101,0.37,0.48,36.5,0.0,0.0
32268,2.3741,1.4961,0.0,0.14,40.2,0.734449,0.0
38612,2.2099,1.4224,0.0,0.64,47.14,0.0,0.0
38706,2.2099,1.4224,0.0,0.64,47.14,0.0,0.0
9531,24.852,1.3611,0.37,0.48,31.62,0.0,0.0
24289,35.688,1.3442,0.07,0.32,41.25,0.0,0.0
21620,5.9867,1.3723,0.0,0.45,33.67,0.0,0.0
37899,2.2099,1.4224,0.0,0.64,47.14,0.0,0.0
45840,2.0165,1.4266,0.0,0.0,35.48,0.0,0.0
7844,24.852,1.3611,0.37,0.48,31.62,0.0,0.0
8774,24.852,1.3611,0.37,0.48,31.62,0.0,0.0
10036,20.524,1.385,0.37,0.48,33.57,0.0,0.0
23600,5.9867,1.3723,0.0,0.45,33.67,0.0,0.0
27674,19.264,1.3776,0.33,0.56,30.13,0.0,0.0
43929,37.219,1.4305,0.0,0.74,49.56,0.0,0.0
28450,19.264,1.3776,0.33,0.56,30.13,0.0,0.0
34319,16.777,1.3955,0.37,0.48,32.38,0.0,0.0
37912,2.2099,1.4224,0.0,0.64,47.14,0.0,0.0
24324,35.688,1.3442,0.07,0.32,41.25,0.0,0.0
30809,19.264,1.3776,0.33,0.56,30.13,0.0,0.0
20393,5.9867,1.3723,0.0,0.45,33.67,0.0,0.0
42096,78.355,1.3328,0.82,0.35,103.62,0.0,0.0
38364,2.2099,1.4224,0.0,0.64,47.14,0.0,0.0
41381,78.355,1.3328,0.82,0.35,103.62,0.0,0.0
5148,24.852,1.3611,0.37,0.48,31.62,0.0,0.0
45167,2.0165,1.4266,0.0,0.0,35.48,0.0,0.0
14182,17.332,1.3993,0.37,0.48,35.88,0.0,0.0
42234,5.5205,1.3842,0.0,0.45,34.26,0.0,0.0
12463,20.524,1.385,0.37,0.48,33.57,0.0,0.0
45244,2.0165,1.4266,0.0,0.0,35.48,0.0,0.0
13776,17.332,1.3993,0.37,0.48,35.88,0.0,0.0
26806,35.688,1.3442,0.07,0.32,41.25,0.0,0.0
22585,5.9867,1.3723,0.0,0.45,33.67,0.0,0.0
27375,19.264,1.3776,0.33,0.56,30.13,0.0,0.0
49624,4.7113,1.4459,0.15,0.02,38.39,0.0,0.5625
8212,24.852,1.3611,0.37,0.48,31.62,0.0,0.0
27911,19.264,1.3776,0.33,0.56,30.13,0.0,0.0
19829,20.493,1.3588,0.04,0.49,33.77,0.0,0.0
40709,78.355,1.3328,0.82,0.35,103.62,0.0,0.0
34080,16.777,1.3955,0.37,0.48,32.38,0.0,0.0
30669,19.264,1.3776,0.33,0.56,30.13,0.0,0.0
31796,15.619000000000002,1.4507,0.0,0.56,49.76,0.0,0.0
148,32.613,1.3288,0.43,0.47,31.77,0.0,0.0
16735,20.493,1.3588,0.04,0.49,33.77,0.0,0.0
11091,20.524,1.385,0.37,0.48,33.57,0.0,0.0
42254,5.5205,1.3842,0.0,0.45,34.26,0.0,0.0
31923,2.3741,1.4961,0.0,0.14,40.2,0.734449,0.0
20112,5.9867,1.3723,0.0,0.45,33.67,0.0,0.0
713,32.613,1.3288,0.43,0.47,31.77,0.0,0.0
13882,17.332,1.3993,0.37,0.48,35.88,0.0,0.0
21489,5.9867,1.3723,0.0,0.45,33.67,0.0,0.0
23067,5.9867,1.3723,0.0,0.45,33.67,0.0,0.0
16779,20.493,1.3588,0.04,0.49,33.77,0.0,0.0
9356,24.852,1.3611,0.37,0.48,31.62,0.0,0.0
40180,78.355,1.3328,0.82,0.35,103.62,0.0,0.0
43832,37.219,1.4305,0.0,0.74,49.56,0.0,0.0
47189,6.8615,1.3614,0.0,0.45,35.59,0.0,0.0
14464,17.332,1.3993,0.37,0.48,35.88,0.0,0.0
14398,17.332,1.3993,0.37,0.48,35.88,0.0,0.0
16252,17.332,1.3993,0.37,0.48,35.88,0.0,0.0
23343,5.9867,1.3723,0.0,0.45,33.67,0.0,0.0
34140,16.777,1.3955,0.37,0.48,32.38,0.0,0.0
45325,2.0165,1.4266,0.0,0.0,35.48,0.0,0.0
2979,32.613,1.3288,0.43,0.47,31.77,0.0,0.0
29882,19.264,1.3776,0.33,0.56,30.13,0.0,0.0
40051,78.355,1.3328,0.82,0.35,103.62,0.0,0.0
11546,20.524,1.385,0.37,0.48,33.57,0.0,0.0
31325,9.8629,1.4295,0.37,0.48,39.01,0.0,0.0
425,32.613,1.3288,0.43,0.47,31.77,0.0,0.0
1490,32.613,1.3288,0.43,0.47,31.77,0.0,0.0
26480,35.688,1.3442,0.07,0.32,41.25,0.0,0.0
49188,8.331,1.3599,0.0,0.38,33.36,0.0,0.0
11006,20.524,1.385,0.37,0.48,33.57,0.0,0.0
21299,5.9867,1.3723,0.0,0.45,33.67,0.0,0.0
24352,35.688,1.3442,0.07,0.32,41.25,0.0,0.0
20588,5.9867,1.3723,0.0,0.45,33.67,0.0,0.0
3096,32.613,1.3288,0.43,0.47,31.77,0.0,0.0
38057,2.2099,1.4224,0.0,0.64,47.14,0.0,0.0
14330,17.332,1.3993,0.37,0.48,35.88,0.0,0.0
49526,4.7113,1.4459,0.15,0.02,38.39,0.0,0.5625
24431,35.688,1.3442,0.07,0.32,41.25,0.0,0.0
31162,9.8629,1.4295,0.37,0.48,39.01,0.0,0.0
42939,37.219,1.4305,0.0,0.74,49.56,0.0,0.0
29832,19.264,1.3776,0.33,0.56,30.13,0.0,0.0
25388,35.688,1.3442,0.07,0.32,41.25,0.0,0.0
31140,9.8629,1.4295,0.37,0.48,39.01,0.0,0.0
27073,19.264,1.3776,0.33,0.56,30.13,0.0,0.0
47679,4.9941,1.3941,0.0,0.45,35.81,0.0,0.0
50038,11.321,1.4249,0.37,0.48,38.5,0.0,0.0
42850,37.219,1.4305,0.0,0.74,49.56,0.0,0.0
4548,24.852,1.3611,0.37,0.48,31.62,0.0,0.0
45831,2.0165,1.4266,0.0,0.0,35.48,0.0,0.0
985,32.613,1.3288,0.43,0.47,31.77,0.0,0.0
42199,5.5205,1.3842,0.0,0.45,34.26,0.0,0.0
6102,24.852,1.3611,0.37,0.48,31.62,0.0,0.0
21541,5.9867,1.3723,0.0,0.45,33.67,0.0,0.0
11148,20.524,1.385,0.37,0.48,33.57,0.0,0.0
37767,2.2099,1.4224,0.0,0.64,47.14,0.0,0.0
39223,78.355,1.3328,0.82,0.35,103.62,0.0,0.0
35651,7.4257,1.405,0.0,0.48,39.44,0.0,0.0
33553,2.3741,1.4961,0.0,0.14,40.2,0.734449,0.0
20120,5.9867,1.3723,0.0,0.45,33.67,0.0,0.0
6380,24.852,1.3611,0.37,0.48,31.62,0.0,0.0
28629,19.264,1.3776,0.33,0.56,30.13,0.0,0.0
24045,8.93,1.4242,0.1,0.05,39.15,0.0,0.444889
17276,20.493,1.3588,0.04,0.49,33.77,0.0,0.0
50008,4.7113,1.4459,0.15,0.02,38.39,0.0,0.5625
3876,32.613,1.3288,0.43,0.47,31.77,0.0,0.0
42485,37.219,1.4305,0.0,0.74,49.56,0.0,0.0
16227,17.332,1.3993,0.37,0.48,35.88,0.0,0.0
13711,17.332,1.3993,0.37,0.48,35.88,0.0,0.0
30140,19.264,1.3776,0.33,0.56,30.13,0.0,0.0
16695,20.493,1.3588,0.04,0.49,33.77,0.0,0.0
26662,35.688,1.3442,0.07,0.32,41.25,0.0,0.0
5799,24.852,1.3611,0.37,0.48,31.62,0.0,0.0
14630,17.332,1.3993,0.37,0.48,35.88,0.0,0.0
15413,17.332,1.3993,0.37,0.48,35.88,0.0,0.0
33824,16.777,1.3955,0.37,0.48,32.38,0.0,0.0
19762,20.493,1.3588,0.04,0.49,33.77,0.0,0.0
43329,37.219,1.4305,0.0,0.74,49.56,0.0,0.0
15121,17.332,1.3993,0.37,0.48,35.88,0.0,0.0
31492,9.8629,1.4295,0.37,0.48,39.01,0.0,0.0
43517,37.219,1.4305,0.0,0.74,49.56,0.0,0.0
26959,35.688,1.3442,0.07,0.32,41.25,0.0,0.0
45502,2.0165,1.4266,0.0,0.0,35.48,0.0,0.0
44832,40.245,1.4318,0.58,0.78,69.07,0.0,0.0
41560,78.355,1.3328,0.82,0.35,103.62,0.0,0.0
48371,1.8819,1.3749,0.0,0.0,25.75,0.0,0.0
8250,24.852,1.3611,0.37,0.48,31.62,0.0,0.0
52838,2.3741,1.4961,0.0,0.14,40.2,0.734449,0.0
39067,78.355,1.3328,0.82,0.35,103.62,0.0,0.0
34738,16.777,1.3955,0.37,0.48,32.38,0.0,0.0
37963,2.2099,1.4224,0.0,0.64,47.14,0.0,0.0
703,32.613,1.3288,0.43,0.47,31.77,0.0,0.0
30466,19.264,1.3776,0.33,0.56,30.13,0.0,0.0
38737,2.2099,1.4224,0.0,0.64,47.14,0.0,0.0
21522,5.9867,1.3723,0.0,0.45,33.67,0.0,0.0
16487,20.493,1.3588,0.04,0.49,33.77,0.0,0.0
39236,78.355,1.3328,0.82,0.35,103.62,0.0,0.0
51395,10.125,1.4448,0.1,0.11,45.86,0.0,0.25
3314,32.613,1.3288,0.43,0.47,31.77,0.0,0.0
30224,19.264,1.3776,0.33,0.56,30.13,0.0,0.0
43281,37.219,1.4305,0.0,0.74,49.56,0.0,0.0
25124,35.688,1.3442,0.07,0.32,41.25,0.0,0.0
24700,35.688,1.3442,0.07,0.32,41.25,0.0,0.0
37650,15.944,1.3978,0.33,0.56,32.44,0.0,0.0
13921,17.332,1.3993,0.37,0.48,35.88,0.0,0.0
33916,16.777,1.3955,0.37,0.48,32.38,0.0,0.0
37207,15.944,1.3978,0.33,0.56,32.44,0.0,0.0
40873,78.355,1.3328,0.82,0.35,103.62,0.0,0.0
4526,24.852,1.3611,0.37,0.48,31.62,0.0,0.0
4719,24.852,1.3611,0.37,0.48,31.62,0.0,0.0
14670,17.332,1.3993,0.37,0.48,35.88,0.0,0.0
13720,17.332,1.3993,0.37,0.48,35.88,0.0,0.0
26132,35.688,1.3442,0.07,0.32,41.25,0.0,0.0
5126,24.852,1.3611,0.37,0.48,31.62,0.0,0.0
30115,19.264,1.3776,0.33,0.56,30.13,0.0,0.0
47537,6.8615,1.3614,0.0,0.45,35.59,0.0,0.0
34036,16.777,1.3955,0.37,0.48,32.38,0.0,0.0
12550,20.524,1.385,0.37,0.48,33.57,0.0,0.0
48095,12.47,1.3878,0.31,0.6,28.73,0.0,0.0
8522,24.852,1.3611,0.37,0.48,31.62,0.0,0.0
24252,35.688,1.3442,0.07,0.32,41.25,0.0,0.0
4406,32.613,1.3288,0.43,0.47,31.77,0.0,0.0
6665,24.852,1.3611,0.37,0.48,31.62,0.0,0.0
13473,17.332,1.3993,0.37,0.48,35.88,0.0,0.0
11556,20.524,1.385,0.37,0.48,33.57,0.0,0.0
31101,9.8629,1.4295,0.37,0.48,39.01,0.0,0.0
33891,16.777,1.3955,0.37,0.48,32.38,0.0,0.0
34053,16.777,1.3955,0.37,0.48,32.38,0.0,0.0
11101,20.524,1.385,0.37,0.48,33.57,0.0,0.0
14560,17.332,1.3993,0.37,0.48,35.88,0.0,0.0
23863,8.93,1.4242,0.1,0.05,39.15,0.0,0.444889
21100,5.9867,1.3723,0.0,0.45,33.67,0.0,0.0
31374,9.8629,1.4295,0.37,0.48,39.01,0.0,0.0
49198,8.331,1.3599,0.0,0.38,33.36,0.0,0.0
49780,4.7113,1.4459,0.15,0.02,38.39,0.0,0.5625
27337,19.264,1.3776,0.33,0.56,30.13,0.0,0.0
41950,78.355,1.3328,0.82,0.35,103.62,0.0,0.0
667,32.613,1.3288,0.43,0.47,31.77,0.0,0.0
39163,78.355,1.3328,0.82,0.35,103.62,0.0,0.0
4826,24.852,1.3611,0.37,0.48,31.62,0.0,0.0
42726,37.219,1.4305,0.0,0.74,49.56,0.0,0.0
35022,15.13,1.4101,0.37,0.48,36.5,0.0,0.0
16853,20.493,1.3588,0.04,0.49,33.77,0.0,0.0
20780,5.9867,1.3723,0.0,0.45,33.67,0.0,0.0
12626,20.524,1.385,0.37,0.48,33.57,0.0,0.0
5026,24.852,1.3611,0.37,0.48,31.62,0.0,0.0
26897,35.688,1.3442,0.07,0.32,41.25,0.0,0.0
38713,2.2099,1.4224,0.0,0.64,47.14,0.0,0.0
45196,2.0165,1.4266,0.0,0.0,35.48,0.0,0.0
45040,40.245,1.4318,0.58,0.78,69.07,0.0,0.0
38867,2.2099,1.4224,0.0,0.64,47.14,0.0,0.0
8967,24.852,1.3611,0.37,0.48,31.62,0.0,0.0
35587,7.4257,1.405,0.0,0.48,39.44,0.0,0.0
5672,24.852,1.3611,0.37,0.48,31.62,0.0,0.0
46773,2.2706,1.5011,0.0,0.14,40.62,1.0,0.0
9987,20.524,1.385,0.37,0.48,33.57,0.0,0.0
35478,15.13,1.4101,0.37,0.48,36.5,0.0,0.0
20857,5.9867,1.3723,0.0,0.45,33.67,0.0,0.0
19915,20.493,1.3588,0.04,0.49,33.77,0.0,0.0
37856,2.2099,1.4224,0.0,0.64,47.14,0.0,0.0
14640,17.332,1.3993,0.37,0.48,35.88,0.0,0.0
39541,78.355,1.3328,0.82,0.35,103.62,0.0,0.0
13496,17.332,1.3993,0.37,0.48,35.88,0.0,0.0
5119,24.852,1.3611,0.37,0.48,31.62,0.0,0.0
7579,24.852,1.3611,0.37,0.48,31.62,0.0,0.0
3442,32.613,1.3288,0.43,0.47,31.77,0.0,0.0
20285,5.9867,1.3723,0.0,0.45,33.67,0.0,0.0
33907,16.777,1.3955,0.37,0.48,32.38,0.0,0.0
41541,78.355,1.3328,0.82,0.35,103.62,0.0,0.0
14377,17.332,1.3993,0.37,0.48,35.88,0.0,0.0
5169,24.852,1.3611,0.37,0.48,31.62,0.0,0.0
47824,4.9941,1.3941,0.0,0.45,35.81,0.0,0.0
33459,2.3741,1.4961,0.0,0.14,40.2,0.734449,0.0
36361,18.246,1.3788,0.0,0.51,34.5,0.0,0.0
20359,5.9867,1.3723,0.0,0.45,33.67,0.0,0.0
16158,17.332,1.3993,0.37,0.48,35.88,0.0,0.0
8231,24.852,1.3611,0.37,0.48,31.62,0.0,0.0
15143,17.332,1.3993,0.37,0.48,35.88,0.0,0.0
48366,1.8819,1.3749,0.0,0.0,25.75,0.0,0.0
48461,1.8819,1.3749,0.0,0.0,25.75,0.0,0.0
43984,37.219,1.4305,0.0,0.74,49.56,0.0,0.0
28035,19.264,1.3776,0.33,0.56,30.13,0.0,0.0
20711,5.9867,1.3723,0.0,0.45,33.67,0.0,0.0
14658,17.332,1.3993,0.37,0.48,35.88,0.0,0.0
446,32.613,1.3288,0.43,0.47,31.77,0.0,0.0
47705,4.9941,1.3941,0.0,0.45,35.81,0.0,0.0
9100,24.852,1.3611,0.37,0.48,31.62,0.0,0.0
34818,15.13,1.4101,0.37,0.48,36.5,0.0,0.0
39347,78.355,1.3328,0.82,0.35,103.62,0.0,0.0
28373,19.264,1.3776,0.33,0.56,30.13,0.0,0.0
49637,4.7113,1.4459,0.15,0.02,38.39,0.0,0.5625
10489,20.524,1.385,0.37,0.48,33.57,0.0,0.0
42571,37.219,1.4305,0.0,0.74,49.56,0.0,0.0
4587,24.852,1.3611,0.37,0.48,31.62,0.0,0.0
17460,20.493,1.3588,0.04,0.49,33.77,0.0,0.0
27702,19.264,1.3776,0.33,0.56,30.13,0.0,0.0
27409,19.264,1.3776,0.33,0.56,30.13,0.0,0.0
35466,15.13,1.4101,0.37,0.48,36.5,0.0,0.0
25255,35.688,1.3442,0.07,0.32,41.25,0.0,0.0
39660,78.355,1.3328,0.82,0.35,103.62,0.0,0.0
3852,32.613,1.3288,0.43,0.47,31.77,0.0,0.0
48744,1.8819,1.3749,0.0,0.0,25.75,0.0,0.0
34960,15.13,1.4101,0.37,0.48,36.5,0.0,0.0
13792,17.332,1.3993,0.37,0.48,35.88,0.0,0.0
15872,17.332,1.3993,0.37,0.48,35.88,0.0,0.0
22128,5.9867,1.3723,0.0,0.45,33.67,0.0,0.0
27773,19.264,1.3776,0.33,0.56,30.13,0.0,0.0
16564,20.493,1.3588,0.04,0.49,33.77,0.0,0.0
25089,35.688,1.3442,0.07,0.32,41.25,0.0,0.0
41361,78.355,1.3328,0.82,0.35,103.62,0.0,0.0
47319,6.8615,1.3614,0.0,0.45,35.59,0.0,0.0
10524,20.524,1.385,0.37,0.48,33.57,0.0,0.0
10913,20.524,1.385,0.37,0.48,33.57,0.0,0.0
36221,7.4257,1.405,0.0,0.48,39.44,0.0,0.0
47787,4.9941,1.3941,0.0,0.45,35.81,0.0,0.0
30607,19.264,1.3776,0.33,0.56,30.13,0.0,0.0
8581,24.852,1.3611,0.37,0.48,31.62,0.0,0.0
9909,24.852,1.3611,0.37,0.48,31.62,0.0,0.0
6582,24.852,1.3611,0.37,0.48,31.62,0.0,0.0
3953,32.613,1.3288,0.43,0.47,31.77,0.0,0.0
9381,24.852,1.3611,0.37,0.48,31.62,0.0,0.0
21030,5.9867,1.3723,0.0,0.45,33.67,0.0,0.0
27485,19.264,1.3776,0.33,0.56,30.13,0.0,0.0
38607,2.2099,1.4224,0.0,0.64,47.14,0.0,0.0
20128,5.9867,1.3723,0.0,0.45,33.67,0.0,0.0
1118,32.613,1.3288,0.43,0.47,31.77,0.0,0.0
34638,16.777,1.3955,0.37,0.48,32.38,0.0,0.0
13445,17.332,1.3993,0.37,0.48,35.88,0.0,0.0
11577,20.524,1.385,0.37,0.48,33.57,0.0,0.0
4994,24.852,1.3611,0.37,0.48,31.62,0.0,0.0
17844,20.493,1.3588,0.04,0.49,33.77,0.0,0.0
10741,20.524,1.385,0.37,0.48,33.57,0.0,0.0
24679,35.688,1.3442,0.07,0.32,41.25,0.0,0.0
15395,17.332,1.3993,0.37,0.48,35.88,0.0,0.0
43624,37.219,1.4305,0.0,0.74,49.56,0.0,0.0
42682,37.219,1.4305,0.0,0.74,49.56,0.0,0.0
3027,32.613,1.3288,0.43,0.47,31.77,0.0,0.0
3884,32.613,1.3288,0.43,0.47,31.77,0.0,0.0
16800,20.493,1.3588,0.04,0.49,33.77,0.0,0.0
22246,5.9867,1.3723,0.0,0.45,33.67,0.0,0.0
12674,20.524,1.385,0.37,0.48,33.57,0.0,0.0
26907,35.688,1.3442,0.07,0.32,41.25,0.0,0.0
30336,19.264,1.3776,0.33,0.56,30.13,0.0,0.0
52297,12.51,1.4178,0.37,0.48,37.15,0.0,0.0
13189,20.524,1.385,0.37,0.48,33.57,0.0,0.0
9327,24.852,1.3611,0.37,0.48,31.62,0.0,0.0
38413,2.2099,1.4224,0.0,0.64,47.14,0.0,0.0
27835,19.264,1.3776,0.33,0.56,30.13,0.0,0.0
30967,19.264,1.3776,0.33,0.56,30.13,0.0,0.0
22530,5.9867,1.3723,0.0,0.45,33.67,0.0,0.0
11129,20.524,1.385,0.37,0.48,33.57,0.0,0.0
22535,5.9867,1.3723,0.0,0.45,33.67,0.0,0.0
35596,7.4257,1.405,0.0,0.48,39.44,0.0,0.0
19259,20.493,1.3588,0.04,0.49,33.77,0.0,0.0
53886,17.44,1.5372,0.0,0.48,56.19,0.444889,0.0
49208,8.331,1.3599,0.0,0.38,33.36,0.0,0.0
4236,32.613,1.3288,0.43,0.47,31.77,0.0,0.0
26697,35.688,1.3442,0.07,0.32,41.25,0.0,0.0
32436,2.3741,1.4961,0.0,0.14,40.2,0.734449,0.0
30922,19.264,1.3776,0.33,0.56,30.13,0.0,0.0
4416,32.613,1.3288,0.43,0.47,31.77,0.0,0.0
7357,24.852,1.3611,0.37,0.48,31.62,0.0,0.0
12501,20.524,1.385,0.37,0.48,33.57,0.0,0.0
48714,1.8819,1.3749,0.0,0.0,25.75,0.0,0.0
8349,24.852,1.3611,0.37,0.48,31.62,0.0,0.0
37851,2.2099,1.4224,0.0,0.64,47.14,0.0,0.0
45435,2.0165,1.4266,0.0,0.0,35.48,0.0,0.0
22540,5.9867,1.3723,0.0,0.45,33.67,0.0,0.0
27747,19.264,1.3776,0.33,0.56,30.13,0.0,0.0
39901,78.355,1.3328,0.82,0.35,103.62,0.0,0.0
43380,37.219,1.4305,0.0,0.74,49.56,0.0,0.0
45108,40.245,1.4318,0.58,0.78,69.07,0.0,0.0
9831,24.852,1.3611,0.37,0.48,31.62,0.0,0.0
45511,2.0165,1.4266,0.0,0.0,35.48,0.0,0.0
17129,20.493,1.3588,0.04,0.49,33.77,0.0,0.0
2128,32.613,1.3288,0.43,0.47,31.77,0.0,0.0
14504,17.332,1.3993,0.37,0.48,35.88,0.0,0.0
50108,11.321,1.4249,0.37,0.48,38.5,0.0,0.0
20479,5.9867,1.3723,0.0,0.45,33.67,0.0,0.0
33942,16.777,1.3955,0.37,0.48,32.38,0.0,0.0
12923,20.524,1.385,0.37,0.48,33.57,0.0,0.0
8016,24.852,1.3611,0.37,0.48,31.62,0.0,0.0
16861,20.493,1.3588,0.04,0.49,33.77,0.0,0.0
20446,5.9867,1.3723,0.0,0.45,33.67,0.0,0.0
4168,32.613,1.3288,0.43,0.47,31.77,0.0,0.0
32421,2.3741,1.4961,0.0,0.14,40.2,0.734449,0.0
1263,32.613,1.3288,0.43,0.47,31.77,0.0,0.0
24373,35.688,1.3442,0.07,0.32,41.25,0.0,0.0
43651,37.219,1.4305,0.0,0.74,49.56,0.0,0.0
14433,17.332,1.3993,0.37,0.48,35.88,0.0,0.0
35549,7.4257,1.405,0.0,0.48,39.44,0.0,0.0
17763,20.493,1.3588,0.04,0.49,33.77,0.0,0.0
23856,8.93,1.4242,0.1,0.05,39.15,0.0,0.444889
34242,16.777,1.3955,0.37,0.48,32.38,0.0,0.0
1500,32.613,1.3288,0.43,0.47,31.77,0.0,0.0
33128,2.3741,1.4961,0.0,0.14,40.2,0.734449,0.0
42361,5.5205,1.3842,0.0,0.45,34.26,0.0,0.0
42830,37.219,1.4305,0.0,0.74,49.56,0.0,0.0
26722,35.688,1.3442,0.07,0.32,41.25,0.0,0.0
11120,20.524,1.385,0.37,0.48,33.57,0.0,0.0
45234,2.0165,1.4266,0.0,0.0,35.48,0.0,0.0
15980,17.332,1.3993,0.37,0.48,35.88,0.0,0.0
15794,17.332,1.3993,0.37,0.48,35.88,0.0,0.0
47146,6.8615,1.3614,0.0,0.45,35.59,0.0,0.0
21480,5.9867,1.3723,0.0,0.45,33.67,0.0,0.0
14079,17.332,1.3993,0.37,0.48,35.88,0.0,0.0
36422,18.246,1.3788,0.0,0.51,34.5,0.0,0.0
37484,15.944,1.3978,0.33,0.56,32.44,0.0,0.0
17421,20.493,1.3588,0.04,0.49,33.77,0.0,0.0
1979,32.613,1.3288,0.43,0.47,31.77,0.0,0.0
42773,37.219,1.4305,0.0,0.74,49.56,0.0,0.0
38329,2.2099,1.4224,0.0,0.64,47.14,0.0,0.0
40829,78.355,1.3328,0.82,0.35,103.62,0.0,0.0
45259,2.0165,1.4266,0.0,0.0,35.48,0.0,0.0
37231,15.944,1.3978,0.33,0.56,32.44,0.0,0.0
16150,17.332,1.3993,0.37,0.48,35.88,0.0,0.0
27858,19.264,1.3776,0.33,0.56,30.13,0.0,0.0
24342,35.688,1.3442,0.07,0.32,41.25,0.0,0.0
22597,5.9867,1.3723,0.0,0.45,33.67,0.0,0.0
45519,2.0165,1.4266,0.0,0.0,35.48,0.0,0.0
32859,2.3741,1.4961,0.0,0.14,40.2,0.734449,0.0
3463,32.613,1.3288,0.43,0.47,31.77,0.0,0.0
27391,19.264,1.3776,0.33,0.56,30.13,0.0,0.0
16476,20.493,1.3588,0.04,0.49,33.77,0.0,0.0
31316,9.8629,1.4295,0.37,0.48,39.01,0.0,0.0
15751,17.332,1.3993,0.37,0.48,35.88,0.0,0.0
35271,15.13,1.4101,0.37,0.48,36.5,0.0,0.0
4069,32.613,1.3288,0.43,0.47,31.77,0.0,0.0
50047,11.321,1.4249,0.37,0.48,38.5,0.0,0.0
19280,20.493,1.3588,0.04,0.49,33.77,0.0,0.0
43291,37.219,1.4305,0.0,0.74,49.56,0.0,0.0
23849,8.93,1.4242,0.1,0.05,39.15,0.0,0.444889
33983,16.777,1.3955,0.37,0.48,32.38,0.0,0.0
29920,19.264,1.3776,0.33,0.56,30.13,0.0,0.0
44814,40.245,1.4318,0.58,0.78,69.07,0.0,0.0
35521,7.4257,1.405,0.0,0.48,39.44,0.0,0.0
32055,2.3741,1.4961,0.0,0.14,40.2,0.734449,0.0
14253,17.332,1.3993,0.37,0.48,35.88,0.0,0.0
997,32.613,1.3288,0.43,0.47,31.77,0.0,0.0
46462,4.24,1.3526,0.0,0.41,23.96,0.0,0.0
40082,78.355,1.3328,0.82,0.35,103.62,0.0,0.0
5278,24.852,1.3611,0.37,0.48,31.62,0.0,0.0
25581,35.688,1.3442,0.07,0.32,41.25,0.0,0.0
49225,8.331,1.3599,0.0,0.38,33.36,0.0,0.0
3245,32.613,1.3288,0.43,0.47,31.77,0.0,0.0
30745,19.264,1.3776,0.33,0.56,30.13,0.0,0.0
34110,16.777,1.3955,0.37,0.48,32.38,0.0,0.0
21375,5.9867,1.3723,0.0,0.45,33.67,0.0,0.0
9550,24.852,1.3611,0.37,0.48,31.62,0.0,0.0
19201,20.493,1.3588,0.04,0.49,33.77,0.0,0.0
11236,20.524,1.385,0.37,0.48,33.57,0.0,0.0
16341,17.332,1.3993,0.37,0.48,35.88,0.0,0.0
20314,5.9867,1.3723,0.0,0.45,33.67,0.0,0.0
34853,15.13,1.4101,0.37,0.48,36.5,0.0,0.0
41243,78.355,1.3328,0.82,0.35,103.62,0.0,0.0
31913,2.3741,1.4961,0.0,0.14,40.2,0.734449,0.0
10069,20.524,1.385,0.37,0.48,33.57,0.0,0.0
14862,17.332,1.3993,0.37,0.48,35.88,0.0,0.0
37474,15.944,1.3978,0.33,0.56,32.44,0.0,0.0
16681,20.493,1.3588,0.04,0.49,33.77,0.0,0.0
31281,9.8629,1.4295,0.37,0.48,39.01,0.0,0.0
27002,35.688,1.3442,0.07,0.32,41.25,0.0,0.0
31047,9.8629,1.4295,0.37,0.48,39.01,0.0,0.0
20642,5.9867,1.3723,0.0,0.45,33.67,0.0,0.0
20409,5.9867,1.3723,0.0,0.45,33.67,0.0,0.0
24900,35.688,1.3442,0.07,0.32,41.25,0.0,0.0
14922,17.332,1.3993,0.37,0.48,35.88,0.0,0.0
10217,20.524,1.385,0.37,0.48,33.57,0.0,0.0
3205,32.613,1.3288,0.43,0.47,31.77,0.0,0.0
23259,5.9867,1.3723,0.0,0.45,33.67,0.0,0.0
16986,20.493,1.3588,0.04,0.49,33.77,0.0,0.0
22839,5.9867,1.3723,0.0,0.45,33.67,0.0,0.0
17577,20.493,1.3588,0.04,0.49,33.77,0.0,0.0
15249,17.332,1.3993,0.37,0.48,35.88,0.0,0.0
41468,78.355,1.3328,0.82,0.35,103.62,0.0,0.0
21203,5.9867,1.3723,0.0,0.45,33.67,0.0,0.0
12729,20.524,1.385,0.37,0.48,33.57,0.0,0.0
35725,7.4257,1.405,0.0,0.48,39.44,0.0,0.0
35690,7.4257,1.405,0.0,0.48,39.44,0.0,0.0
3587,32.613,1.3288,0.43,0.47,31.77,0.0,0.0
5838,24.852,1.3611,0.37,0.48,31.62,0.0,0.0
42644,37.219,1.4305,0.0,0.74,49.56,0.0,0.0
39297,78.355,1.3328,0.82,0.35,103.62,0.0,0.0
49487,4.7113,1.4459,0.15,0.02,38.39,0.0,0.5625
44746,40.245,1.4318,0.58,0.78,69.07,0.0,0.0
13015,20.524,1.385,0.37,0.48,33.57,0.0,0.0
581,32.613,1.3288,0.43,0.47,31.77,0.0,0.0
4422,32.613,1.3288,0.43,0.47,31.77,0.0,0.0
30889,19.264,1.3776,0.33,0.56,30.13,0.0,0.0
48589,1.8819,1.3749,0.0,0.0,25.75,0.0,0.0
41841,78.355,1.3328,0.82,0.35,103.62,0.0,0.0
47139,6.8615,1.3614,0.0,0.45,35.59,0.0,0.0
41124,78.355,1.3328,0.82,0.35,103.62,0.0,0.0
34939,15.13,1.4101,0.37,0.48,36.5,0.0,0.0
27424,19.264,1.3776,0.33,0.56,30.13,0.0,0.0
25348,35.688,1.3442,0.07,0.32,41.25,0.0,0.0
26198,35.688,1.3442,0.07,0.32,41.25,0.0,0.0
5542,24.852,1.3611,0.37,0.48,31.62,0.0,0.0
30169,19.264,1.3776,0.33,0.56,30.13,0.0,0.0
17469,20.493,1.3588,0.04,0.49,33.77,0.0,0.0
25236,35.688,1.3442,0.07,0.32,41.25,0.0,0.0
23417,5.9867,1.3723,0.0,0.45,33.67,0.0,0.0
35217,15.13,1.4101,0.37,0.48,36.5,0.0,0.0
871,32.613,1.3288,0.43,0.47,31.77,0.0,0.0
6493,24.852,1.3611,0.37,0.48,31.62,0.0,0.0
50126,11.321,1.4249,0.37,0.48,38.5,0.0,0.0
140,32.613,1.3288,0.43,0.47,31.77,0.0,0.0
11971,20.524,1.385,0.37,0.48,33.57,0.0,0.0
4785,24.852,1.3611,0.37,0.48,31.62,0.0,0.0
36010,7.4257,1.405,0.0,0.48,39.44,0.0,0.0
302,32.613,1.3288,0.43,0.47,31.77,0.0,0.0
9792,24.852,1.3611,0.37,0.48,31.62,0.0,0.0
45251,2.0165,1.4266,0.0,0.0,35.48,0.0,0.0
27145,19.264,1.3776,0.33,0.56,30.13,0.0,0.0
11916,20.524,1.385,0.37,0.48,33.57,0.0,0.0
32614,2.3741,1.4961,0.0,0.14,40.2,0.734449,0.0
14579,17.332,1.3993,0.37,0.48,35.88,0.0,0.0
11449,20.524,1.385,0.37,0.48,33.57,0.0,0.0
29967,19.264,1.3776,0.33,0.56,30.13,0.0,0.0
52399,12.51,1.4178,0.37,0.48,37.15,0.0,0.0
42127,78.355,1.3328,0.82,0.35,103.62,0.0,0.0
20761,5.9867,1.3723,0.0,0.45,33.67,0.0,0.0
12645,20.524,1.385,0.37,0.48,33.57,0.0,0.0
43767,37.219,1.4305,0.0,0.74,49.56,0.0,0.0
10265,20.524,1.385,0.37,0.48,33.57,0.0,0.0
2793,32.613,1.3288,0.43,0.47,31.77,0.0,0.0
21040,5.9867,1.3723,0.0,0.45,33.67,0.0,0.0
8983,24.852,1.3611,0.37,0.48,31.62,0.0,0.0
39313,78.355,1.3328,0.82,0.35,103.62,0.0,0.0
13601,17.332,1.3993,0.37,0.48,35.88,0.0,0.0
47341,6.8615,1.3614,0.0,0.45,35.59,0.0,0.0
48754,1.8819,1.3749,0.0,0.0,25.75,0.0,0.0
41484,78.355,1.3328,0.82,0.35,103.62,0.0,0.0
42381,5.5205,1.3842,0.0,0.45,34.26,0.0,0.0
33137,2.3741,1.4961,0.0,0.14,40.2,0.734449,0.0
12609,20.524,1.385,0.37,0.48,33.57,0.0,0.0
16110,17.332,1.3993,0.37,0.48,35.88,0.0,0.0
48629,1.8819,1.3749,0.0,0.0,25.75,0.0,0.0
19289,20.493,1.3588,0.04,0.49,33.77,0.0,0.0
44773,40.245,1.4318,0.58,0.78,69.07,0.0,0.0
4637,24.852,1.3611,0.37,0.48,31.62,0.0,0.0
8269,24.852,1.3611,0.37,0.48,31.62,0.0,0.0
32349,2.3741,1.4961,0.0,0.14,40.2,0.734449,0.0
34665,16.777,1.3955,0.37,0.48,32.38,0.0,0.0
4512,24.852,1.3611,0.37,0.48,31.62,0.0,0.0
18018,20.493,1.3588,0.04,0.49,33.77,0.0,0.0
13964,17.332,1.3993,0.37,0.48,35.88,0.0,0.0
27501,19.264,1.3776,0.33,0.56,30.13,0.0,0.0
21082,5.9867,1.3723,0.0,0.45,33.67,0.0,0.0
21183,5.9867,1.3723,0.0,0.45,33.67,0.0,0.0
38515,2.2099,1.4224,0.0,0.64,47.14,0.0,0.0
25048,35.688,1.3442,0.07,0.32,41.25,0.0,0.0
39854,78.355,1.3328,0.82,0.35,103.62,0.0,0.0
15813,17.332,1.3993,0.37,0.48,35.88,0.0,0.0
25774,35.688,1.3442,0.07,0.32,41.25,0.0,0.0
18190,20.493,1.3588,0.04,0.49,33.77,0.0,0.0
18503,20.493,1.3588,0.04,0.49,33.77,0.0,0.0
5868,24.852,1.3611,0.37,0.48,31.62,0.0,0.0
6001,24.852,1.3611,0.37,0.48,31.62,0.0,0.0
16823,20.493,1.3588,0.04,0.49,33.77,0.0,0.0
12540,20.524,1.385,0.37,0.48,33.57,0.0,0.0
545,32.613,1.3288,0.43,0.47,31.77,0.0,0.0
48508,1.8819,1.3749,0.0,0.0,25.75,0.0,0.0
19526,20.493,1.3588,0.04,0.49,33.77,0.0,0.0
6047,24.852,1.3611,0.37,0.48,31.62,0.0,0.0
52826,2.3741,1.4961,0.0,0.14,40.2,0.734449,0.0
1798,32.613,1.3288,0.43,0.47,31.77,0.0,0.0
1217,32.613,1.3288,0.43,0.47,31.77,0.0,0.0
47171,6.8615,1.3614,0.0,0.45,35.59,0.0,0.0
38617,2.2099,1.4224,0.0,0.64,47.14,0.0,0.0
30080,19.264,1.3776,0.33,0.56,30.13,0.0,0.0
26640,35.688,1.3442,0.07,0.32,41.25,0.0,0.0
37907,2.2099,1.4224,0.0,0.64,47.14,0.0,0.0
25368,35.688,1.3442,0.07,0.32,41.25,0.0,0.0
20155,5.9867,1.3723,0.0,0.45,33.67,0.0,0.0
130,32.613,1.3288,0.43,0.47,31.77,0.0,0.0
19142,20.493,1.3588,0.04,0.49,33.77,0.0,0.0
15307,17.332,1.3993,0.37,0.48,35.88,0.0,0.0
34689,16.777,1.3955,0.37,0.48,32.38,0.0,0.0
14551,17.332,1.3993,0.37,0.48,35.88,0.0,0.0
46763,2.2706,1.5011,0.0,0.14,40.62,1.0,0.0
20141,5.9867,1.3723,0.0,0.45,33.67,0.0,0.0
41870,78.355,1.3328,0.82,0.35,103.62,0.0,0.0
6321,24.852,1.3611,0.37,0.48,31.62,0.0,0.0
28567,19.264,1.3776,0.33,0.56,30.13,0.0,0.0
8472,24.852,1.3611,0.37,0.48,31.62,0.0,0.0
45050,40.245,1.4318,0.58,0.78,69.07,0.0,0.0
31359,9.8629,1.4295,0.37,0.48,39.01,0.0,0.0
33264,2.3741,1.4961,0.0,0.14,40.2,0.734449,0.0
42307,5.5205,1.3842,0.0,0.45,34.26,0.0,0.0
10633,20.524,1.385,0.37,0.48,33.57,0.0,0.0
43452,37.219,1.4305,0.0,0.74,49.56,0.0,0.0
10191,20.524,1.385,0.37,0.48,33.57,0.0,0.0
47901,4.9941,1.3941,0.0,0.45,35.81,0.0,0.0
42504,37.219,1.4305,0.0,0.74,49.56,0.0,0.0
33777,16.777,1.3955,0.37,0.48,32.38,0.0,0.0
26884,35.688,1.3442,0.07,0.32,41.25,0.0,0.0
17413,20.493,1.3588,0.04,0.49,33.77,0.0,0.0
3215,32.613,1.3288,0.43,0.47,31.77,0.0,0.0
30298,19.264,1.3776,0.33,0.56,30.13,0.0,0.0
37631,15.944,1.3978,0.33,0.56,32.44,0.0,0.0
32697,2.3741,1.4961,0.0,0.14,40.2,0.734449,0.0
3633,32.613,1.3288,0.43,0.47,31.77,0.0,0.0
21515,5.9867,1.3723,0.0,0.45,33.67,0.0,0.0
4673,24.852,1.3611,0.37,0.48,31.62,0.0,0.0
32173,2.3741,1.4961,0.0,0.14,40.2,0.734449,0.0
29087,19.264,1.3776,0.33,0.56,30.13,0.0,0.0
19420,20.493,1.3588,0.04,0.49,33.77,0.0,0.0
9623,24.852,1.3611,0.37,0.48,31.62,0.0,0.0
50018,11.321,1.4249,0.37,0.48,38.5,0.0,0.0
41784,78.355,1.3328,0.82,0.35,103.62,0.0,0.0
44862,40.245,1.4318,0.58,0.78,69.07,0.0,0.0
21532,5.9867,1.3723,0.0,0.45,33.67,0.0,0.0
11417,20.524,1.385,0.37,0.48,33.57,0.0,0.0
20220,5.9867,1.3723,0.0,0.45,33.67,0.0,0.0
41331,78.355,1.3328,0.82,0.35,103.62,0.0,0.0
12559,20.524,1.385,0.37,0.48,33.57,0.0,0.0
10302,20.524,1.385,0.37,0.48,33.57,0.0,0.0
3008,32.613,1.3288,0.43,0.47,31.77,0.0,0.0
44893,40.245,1.4318,0.58,0.78,69.07,0.0,0.0
20685,5.9867,1.3723,0.0,0.45,33.67,0.0,0.0
27396,19.264,1.3776,0.33,0.56,30.13,0.0,0.0
10680,20.524,1.385,0.37,0.48,33.57,0.0,0.0
23832,8.93,1.4242,0.1,0.05,39.15,0.0,0.444889
38722,2.2099,1.4224,0.0,0.64,47.14,0.0,0.0
19546,20.493,1.3588,0.04,0.49,33.77,0.0,0.0
4078,32.613,1.3288,0.43,0.47,31.77,0.0,0.0
24691,35.688,1.3442,0.07,0.32,41.25,0.0,0.0
9485,24.852,1.3611,0.37,0.48,31.62,0.0,0.0
26546,35.688,1.3442,0.07,0.32,41.25,0.0,0.0
11985,20.524,1.385,0.37,0.48,33.57,0.0,0.0
11812,20.524,1.385,0.37,0.48,33.57,0.0,0.0
25076,35.688,1.3442,0.07,0.32,41.25,0.0,0.0
22848,5.9867,1.3723,0.0,0.45,33.67,0.0,0.0
14512,17.332,1.3993,0.37,0.48,35.88,0.0,0.0
44667,40.245,1.4318,0.58,0.78,69.07,0.0,0.0
27235,19.264,1.3776,0.33,0.56,30.13,0.0,0.0
33640,16.777,1.3955,0.37,0.48,32.38,0.0,0.0
16401,17.332,1.3993,0.37,0.48,35.88,0.0,0.0
39803,78.355,1.3328,0.82,0.35,103.62,0.0,0.0
23129,5.9867,1.3723,0.0,0.45,33.67,0.0,0.0
38093,2.2099,1.4224,0.0,0.64,47.14,0.0,0.0
20385,5.9867,1.3723,0.0,0.45,33.67,0.0,0.0
5345,24.852,1.3611,0.37,0.48,31.62,0.0,0.0
32092,2.3741,1.4961,0.0,0.14,40.2,0.734449,0.0
33897,16.777,1.3955,0.37,0.48,32.38,0.0,0.0
51267,10.125,1.4448,0.1,0.11,45.86,0.0,0.25
9644,24.852,1.3611,0.37,0.48,31.62,0.0,0.0
43116,37.219,1.4305,0.0,0.74,49.56,0.0,0.0
13162,20.524,1.385,0.37,0.48,33.57,0.0,0.0
15771,17.332,1.3993,0.37,0.48,35.88,0.0,0.0
28206,19.264,1.3776,0.33,0.56,30.13,0.0,0.0
9175,24.852,1.3611,0.37,0.48,31.62,0.0,0.0
13389,20.524,1.385,0.37,0.48,33.57,0.0,0.0
49467,4.7113,1.4459,0.15,0.02,38.39,0.0,0.5625
24539,35.688,1.3442,0.07,0.32,41.25,0.0,0.0
37952,2.2099,1.4224,0.0,0.64,47.14,0.0,0.0
918,32.613,1.3288,0.43,0.47,31.77,0.0,0.0
44886,40.245,1.4318,0.58,0.78,69.07,0.0,0.0
13903,17.332,1.3993,0.37,0.48,35.88,0.0,0.0
37786,2.2099,1.4224,0.0,0.64,47.14,0.0,0.0
3501,32.613,1.3288,0.43,0.47,31.77,0.0,0.0
10613,20.524,1.385,0.37,0.48,33.57,0.0,0.0
28363,19.264,1.3776,0.33,0.56,30.13,0.0,0.0
25630,35.688,1.3442,0.07,0.32,41.25,0.0,0.0
24547,35.688,1.3442,0.07,0.32,41.25,0.0,0.0
47054,6.8615,1.3614,0.0,0.45,35.59,0.0,0.0
10606,20.524,1.385,0.37,0.48,33.57,0.0,0.0
29892,19.264,1.3776,0.33,0.56,30.13,0.0,0.0
21251,5.9867,1.3723,0.0,0.45,33.67,0.0,0.0
14913,17.332,1.3993,0.37,0.48,35.88,0.0,0.0
43024,37.219,1.4305,0.0,0.74,49.56,0.0,0.0
25218,35.688,1.3442,0.07,0.32,41.25,0.0,0.0
36712,18.246,1.3788,0.0,0.51,34.5,0.0,0.0
46983,6.8615,1.3614,0.0,0.45,35.59,0.0,0.0
24221,35.688,1.3442,0.07,0.32,41.25,0.0,0.0
25611,35.688,1.3442,0.07,0.32,41.25,0.0,0.0
37287,15.944,1.3978,0.33,0.56,32.44,0.0,0.0
39260,78.355,1.3328,0.82,0.35,103.62,0.0,0.0
37335,15.944,1.3978,0.33,0.56,32.44,0.0,0.0
39267,78.355,1.3328,0.82,0.35,103.62,0.0,0.0
1296,32.613,1.3288,0.43,0.47,31.77,0.0,0.0
14622,17.332,1.3993,0.37,0.48,35.88,0.0,0.0
28648,19.264,1.3776,0.33,0.56,30.13,0.0,0.0
17245,20.493,1.3588,0.04,0.49,33.77,0.0,0.0
48359,1.8819,1.3749,0.0,0.0,25.75,0.0,0.0
36702,18.246,1.3788,0.0,0.51,34.5,0.0,0.0
3087,32.613,1.3288,0.43,0.47,31.77,0.0,0.0
38969,2.2099,1.4224,0.0,0.64,47.14,0.0,0.0
33234,2.3741,1.4961,0.0,0.14,40.2,0.734449,0.0
41753,78.355,1.3328,0.82,0.35,103.62,0.0,0.0
1043,32.613,1.3288,0.43,0.47,31.77,0.0,0.0
23505,5.9867,1.3723,0.0,0.45,33.67,0.0,0.0
10481,20.524,1.385,0.37,0.48,33.57,0.0,0.0
5453,24.852,1.3611,0.37,0.48,31.62,0.0,0.0
44990,40.245,1.4318,0.58,0.78,69.07,0.0,0.0
36341,18.246,1.3788,0.0,0.51,34.5,0.0,0.0
4800,24.852,1.3611,0.37,0.48,31.62,0.0,0.0
45205,2.0165,1.4266,0.0,0.0,35.48,0.0,0.0
30914,19.264,1.3776,0.33,0.56,30.13,0.0,0.0
40926,78.355,1.3328,0.82,0.35,103.62,0.0,0.0
45780,2.0165,1.4266,0.0,0.0,35.48,0.0,0.0
1166,32.613,1.3288,0.43,0.47,31.77,0.0,0.0
13946,17.332,1.3993,0.37,0.48,35.88,0.0,0.0
17188,20.493,1.3588,0.04,0.49,33.77,0.0,0.0
23839,8.93,1.4242,0.1,0.05,39.15,0.0,0.444889
15160,17.332,1.3993,0.37,0.48,35.88,0.0,0.0
8182,24.852,1.3611,0.37,0.48,31.62,0.0,0.0
9035,24.852,1.3611,0.37,0.48,31.62,0.0,0.0
24825,35.688,1.3442,0.07,0.32,41.25,0.0,0.0
13526,17.332,1.3993,0.37,0.48,35.88,0.0,0.0
10244,20.524,1.385,0.37,0.48,33.57,0.0,0.0
1602,32.613,1.3288,0.43,0.47,31.77,0.0,0.0
47415,6.8615,1.3614,0.0,0.45,35.59,0.0,0.0
30964,19.264,1.3776,0.33,0.56,30.13,0.0,0.0
1209,32.613,1.3288,0.43,0.47,31.77,0.0,0.0
2341,32.613,1.3288,0.43,0.47,31.77,0.0,0.0
42947,37.219,1.4305,0.0,0.74,49.56,0.0,0.0
12765,20.524,1.385,0.37,0.48,33.57,0.0,0.0
28558,19.264,1.3776,0.33,0.56,30.13,0.0,0.0
19959,20.493,1.3588,0.04,0.49,33.77,0.0,0.0
8379,24.852,1.3611,0.37,0.48,31.62,0.0,0.0
20183,5.9867,1.3723,0.0,0.45,33.67,0.0,0.0
19868,20.493,1.3588,0.04,0.49,33.77,0.0,0.0
28639,19.264,1.3776,0.33,0.56,30.13,0.0,0.0
23798,5.9867,1.3723,0.0,0.45,33.67,0.0,0.0
8704,24.852,1.3611,0.37,0.48,31.62,0.0,0.0
45342,2.0165,1.4266,0.0,0.0,35.48,0.0,0.0
9440,24.852,1.3611,0.37,0.48,31.62,0.0,0.0
13802,17.332,1.3993,0.37,0.48,35.88,0.0,0.0
13004,20.524,1.385,0.37,0.48,33.57,0.0,0.0
4397,32.613,1.3288,0.43,0.47,31.77,0.0,0.0
46725,2.2706,1.5011,0.0,0.14,40.62,1.0,0.0
42869,37.219,1.4305,0.0,0.74,49.56,0.0,0.0
27367,19.264,1.3776,0.33,0.56,30.13,0.0,0.0
29842,19.264,1.3776,0.33,0.56,30.13,0.0,0.0
464,32.613,1.3288,0.43,0.47,31.77,0.0,0.0
11046,20.524,1.385,0.37,0.48,33.57,0.0,0.0
34200,16.777,1.3955,0.37,0.48,32.38,0.0,0.0
1954,32.613,1.3288,0.43,0.47,31.77,0.0,0.0
22906,5.9867,1.3723,0.0,0.45,33.67,0.0,0.0
8532,24.852,1.3611,0.37,0.48,31.62,0.0,0.0
12378,20.524,1.385,0.37,0.48,33.57,0.0,0.0
28296,19.264,1.3776,0.33,0.56,30.13,0.0,0.0
41894,78.355,1.3328,0.82,0.35,103.62,0.0,0.0
19249,20.493,1.3588,0.04,0.49,33.77,0.0,0.0
47715,4.9941,1.3941,0.0,0.45,35.81,0.0,0.0
40159,78.355,1.3328,0.82,0.35,103.62,0.0,0.0
42637,37.219,1.4305,0.0,0.74,49.56,0.0,0.0
32525,2.3741,1.4961,0.0,0.14,40.2,0.734449,0.0
37277,15.944,1.3978,0.33,0.56,32.44,0.0,0.0
24085,8.93,1.4242,0.1,0.05,39.15,0.0,0.444889
20542,5.9867,1.3723,0.0,0.45,33.67,0.0,0.0
41926,78.355,1.3328,0.82,0.35,103.62,0.0,0.0
43817,37.219,1.4305,0.0,0.74,49.56,0.0,0.0
39272,78.355,1.3328,0.82,0.35,103.62,0.0,0.0
38587,2.2099,1.4224,0.0,0.64,47.14,0.0,0.0
21154,5.9867,1.3723,0.0,0.45,33.67,0.0,0.0
38592,2.2099,1.4224,0.0,0.64,47.14,0.0,0.0
8479,24.852,1.3611,0.37,0.48,31.62,0.0,0.0
47035,6.8615,1.3614,0.0,0.45,35.59,0.0,0.0
22868,5.9867,1.3723,0.0,0.45,33.67,0.0,0.0
20635,5.9867,1.3723,0.0,0.45,33.67,0.0,0.0
4021,32.613,1.3288,0.43,0.47,31.77,0.0,0.0
3269,32.613,1.3288,0.43,0.47,31.77,0.0,0.0
32038,2.3741,1.4961,0.0,0.14,40.2,0.734449,0.0
11589,20.524,1.385,0.37,0.48,33.57,0.0,0.0
307,32.613,1.3288,0.43,0.47,31.77,0.0,0.0
38622,2.2099,1.4224,0.0,0.64,47.14,0.0,0.0
47422,6.8615,1.3614,0.0,0.45,35.59,0.0,0.0
17168,20.493,1.3588,0.04,0.49,33.77,0.0,0.0
44627,40.245,1.4318,0.58,0.78,69.07,0.0,0.0
3434,32.613,1.3288,0.43,0.47,31.77,0.0,0.0
25309,35.688,1.3442,0.07,0.32,41.25,0.0,0.0
25291,35.688,1.3442,0.07,0.32,41.25,0.0,0.0
39777,78.355,1.3328,0.82,0.35,103.62,0.0,0.0
19212,20.493,1.3588,0.04,0.49,33.77,0.0,0.0
19178,20.493,1.3588,0.04,0.49,33.77,0.0,0.0
29910,19.264,1.3776,0.33,0.56,30.13,0.0,0.0
31381,9.8629,1.4295,0.37,0.48,39.01,0.0,0.0
48598,1.8819,1.3749,0.0,0.0,25.75,0.0,0.0
24747,35.688,1.3442,0.07,0.32,41.25,0.0,0.0
12348,20.524,1.385,0.37,0.48,33.57,0.0,0.0
12396,20.524,1.385,0.37,0.48,33.57,0.0,0.0
46993,6.8615,1.3614,0.0,0.45,35.59,0.0,0.0
14193,17.332,1.3993,0.37,0.48,35.88,0.0,0.0
25166,35.688,1.3442,0.07,0.32,41.25,0.0,0.0
43211,37.219,1.4305,0.0,0.74,49.56,0.0,0.0
41311,78.355,1.3328,0.82,0.35,103.62,0.0,0.0
13052,20.524,1.385,0.37,0.48,33.57,0.0,0.0
21192,5.9867,1.3723,0.0,0.45,33.67,0.0,0.0
18755,20.493,1.3588,0.04,0.49,33.77,0.0,0.0
19298,20.493,1.3588,0.04,0.49,33.77,0.0,0.0
31307,9.8629,1.4295,0.37,0.48,39.01,0.0,0.0
47807,4.9941,1.3941,0.0,0.45,35.81,0.0,0.0
48196,1.9113,1.3878,0.0,0.0,28.28,0.0,0.0
25377,35.688,1.3442,0.07,0.32,41.25,0.0,0.0
33932,16.777,1.3955,0.37,0.48,32.38,0.0,0.0
27153,19.264,1.3776,0.33,0.56,30.13,0.0,0.0
38692,2.2099,1.4224,0.0,0.64,47.14,0.0,0.0
28217,19.264,1.3776,0.33,0.56,30.13,0.0,0.0
45187,2.0165,1.4266,0.0,0.0,35.48,0.0,0.0
28234,19.264,1.3776,0.33,0.56,30.13,0.0,0.0
36305,18.246,1.3788,0.0,0.51,34.5,0.0,0.0
26373,35.688,1.3442,0.07,0.32,41.25,0.0,0.0
12240,20.524,1.385,0.37,0.48,33.57,0.0,0.0
4281,32.613,1.3288,0.43,0.47,31.77,0.0,0.0
30207,19.264,1.3776,0.33,0.56,30.13,0.0,0.0
8647,24.852,1.3611,0.37,0.48,31.62,0.0,0.0
34714,16.777,1.3955,0.37,0.48,32.38,0.0,0.0
35765,7.4257,1.405,0.0,0.48,39.44,0.0,0.0
35169,15.13,1.4101,0.37,0.48,36.5,0.0,0.0
31985,2.3741,1.4961,0.0,0.14,40.2,0.734449,0.0
5691,24.852,1.3611,0.37,0.48,31.62,0.0,0.0
3057,32.613,1.3288,0.43,0.47,31.77,0.0,0.0
36190,7.4257,1.405,0.0,0.48,39.44,0.0,0.0
5877,24.852,1.3611,0.37,0.48,31.62,0.0,0.0
16740,20.493,1.3588,0.04,0.49,33.77,0.0,0.0
48811,1.8819,1.3749,0.0,0.0,25.75,0.0,0.0
35101,15.13,1.4101,0.37,0.48,36.5,0.0,0.0
37445,15.944,1.3978,0.33,0.56,32.44,0.0,0.0
45859,2.0165,1.4266,0.0,0.0,35.48,0.0,0.0
47778,4.9941,1.3941,0.0,0.45,35.81,0.0,0.0
20402,5.9867,1.3723,0.0,0.45,33.67,0.0,0.0
15917,17.332,1.3993,0.37,0.48,35.88,0.0,0.0
43109,37.219,1.4305,0.0,0.74,49.56,0.0,0.0
37917,2.2099,1.4224,0.0,0.64,47.14,0.0,0.0
32110,2.3741,1.4961,0.0,0.14,40.2,0.734449,0.0
11477,20.524,1.385,0.37,0.48,33.57,0.0,0.0
31298,9.8629,1.4295,0.37,0.48,39.01,0.0,0.0
646,32.613,1.3288,0.43,0.47,31.77,0.0,0.0
495,32.613,1.3288,0.43,0.47,31.77,0.0,0.0
31838,15.619000000000002,1.4507,0.0,0.56,49.76,0.0,0.0
32598,2.3741,1.4961,0.0,0.14,40.2,0.734449,0.0
473,32.613,1.3288,0.43,0.47,31.77,0.0,0.0
28082,19.264,1.3776,0.33,0.56,30.13,0.0,0.0
26250,35.688,1.3442,0.07,0.32,41.25,0.0,0.0
8793,24.852,1.3611,0.37,0.48,31.62,0.0,0.0
22876,5.9867,1.3723,0.0,0.45,33.67,0.0,0.0
183,32.613,1.3288,0.43,0.47,31.77,0.0,0.0
10537,20.524,1.385,0.37,0.48,33.57,0.0,0.0
7559,24.852,1.3611,0.37,0.48,31.62,0.0,0.0
8192,24.852,1.3611,0.37,0.48,31.62,0.0,0.0
8319,24.852,1.3611,0.37,0.48,31.62,0.0,0.0
20276,5.9867,1.3723,0.0,0.45,33.67,0.0,0.0
42664,37.219,1.4305,0.0,0.74,49.56,0.0,0.0
3961,32.613,1.3288,0.43,0.47,31.77,0.0,0.0
11569,20.524,1.385,0.37,0.48,33.57,0.0,0.0
19116,20.493,1.3588,0.04,0.49,33.77,0.0,0.0
12455,20.524,1.385,0.37,0.48,33.57,0.0,0.0
38765,2.2099,1.4224,0.0,0.64,47.14,0.0,0.0
5820,24.852,1.3611,0.37,0.48,31.62,0.0,0.0
6526,24.852,1.3611,0.37,0.48,31.62,0.0,0.0
15893,17.332,1.3993,0.37,0.48,35.88,0.0,0.0
38875,2.2099,1.4224,0.0,0.64,47.14,0.0,0.0
7336,24.852,1.3611,0.37,0.48,31.62,0.0,0.0
50118,11.321,1.4249,0.37,0.48,38.5,0.0,0.0
8397,24.852,1.3611,0.37,0.48,31.62,0.0,0.0
21509,5.9867,1.3723,0.0,0.45,33.67,0.0,0.0
14763,17.332,1.3993,0.37,0.48,35.88,0.0,0.0
41341,78.355,1.3328,0.82,0.35,103.62,0.0,0.0
14959,17.332,1.3993,0.37,0.48,35.88,0.0,0.0
5072,24.852,1.3611,0.37,0.48,31.62,0.0,0.0
19774,20.493,1.3588,0.04,0.49,33.77,0.0,0.0
42280,5.5205,1.3842,0.0,0.45,34.26,0.0,0.0
20624,5.9867,1.3723,0.0,0.45,33.67,0.0,0.0
48446,1.8819,1.3749,0.0,0.0,25.75,0.0,0.0
10976,20.524,1.385,0.37,0.48,33.57,0.0,0.0
47509,6.8615,1.3614,0.0,0.45,35.59,0.0,0.0
1364,32.613,1.3288,0.43,0.47,31.77,0.0,0.0
16090,17.332,1.3993,0.37,0.48,35.88,0.0,0.0
23058,5.9867,1.3723,0.0,0.45,33.67,0.0,0.0
17043,20.493,1.3588,0.04,0.49,33.77,0.0,0.0
36020,7.4257,1.405,0.0,0.48,39.44,0.0,0.0
13331,20.524,1.385,0.37,0.48,33.57,0.0,0.0
34727,16.777,1.3955,0.37,0.48,32.38,0.0,0.0
14094,17.332,1.3993,0.37,0.48,35.88,0.0,0.0
27382,19.264,1.3776,0.33,0.56,30.13,0.0,0.0
6205,24.852,1.3611,0.37,0.48,31.62,0.0,0.0
33148,2.3741,1.4961,0.0,0.14,40.2,0.734449,0.0
3321,32.613,1.3288,0.43,0.47,31.77,0.0,0.0
6133,24.852,1.3611,0.37,0.48,31.62,0.0,0.0
74,32.613,1.3288,0.43,0.47,31.77,0.0,0.0
23965,8.93,1.4242,0.1,0.05,39.15,0.0,0.444889
49667,4.7113,1.4459,0.15,0.02,38.39,0.0,0.5625
47688,4.9941,1.3941,0.0,0.45,35.81,0.0,0.0
10766,20.524,1.385,0.37,0.48,33.57,0.0,0.0
47153,6.8615,1.3614,0.0,0.45,35.59,0.0,0.0
2989,32.613,1.3288,0.43,0.47,31.77,0.0,0.0
5588,24.852,1.3611,0.37,0.48,31.62,0.0,0.0
281,32.613,1.3288,0.43,0.47,31.77,0.0,0.0
28325,19.264,1.3776,0.33,0.56,30.13,0.0,0.0
24483,35.688,1.3442,0.07,0.32,41.25,0.0,0.0
10436,20.524,1.385,0.37,0.48,33.57,0.0,0.0
34863,15.13,1.4101,0.37,0.48,36.5,0.0,0.0
47350,6.8615,1.3614,0.0,0.45,35.59,0.0,0.0
4211,32.613,1.3288,0.43,0.47,31.77,0.0,0.0
19631,20.493,1.3588,0.04,0.49,33.77,0.0,0.0
13077,20.524,1.385,0.37,0.48,33.57,0.0,0.0
28797,19.264,1.3776,0.33,0.56,30.13,0.0,0.0
31201,9.8629,1.4295,0.37,0.48,39.01,0.0,0.0
13224,20.524,1.385,0.37,0.48,33.57,0.0,0.0
20321,5.9867,1.3723,0.0,0.45,33.67,0.0,0.0
37871,2.2099,1.4224,0.0,0.64,47.14,0.0,0.0
4466,24.852,1.3611,0.37,0.48,31.62,0.0,0.0
33950,16.777,1.3955,0.37,0.48,32.38,0.0,0.0
14953,17.332,1.3993,0.37,0.48,35.88,0.0,0.0
7480,24.852,1.3611,0.37,0.48,31.62,0.0,0.0
24581,35.688,1.3442,0.07,0.32,41.25,0.0,0.0
20863,5.9867,1.3723,0.0,0.45,33.67,0.0,0.0
41566,78.355,1.3328,0.82,0.35,103.62,0.0,0.0
6010,24.852,1.3611,0.37,0.48,31.62,0.0,0.0
20148,5.9867,1.3723,0.0,0.45,33.67,0.0,0.0
5198,24.852,1.3611,0.37,0.48,31.62,0.0,0.0
242,32.613,1.3288,0.43,0.47,31.77,0.0,0.0
40995,78.355,1.3328,0.82,0.35,103.62,0.0,0.0
15216,17.332,1.3993,0.37,0.48,35.88,0.0,0.0
21894,5.9867,1.3723,0.0,0.45,33.67,0.0,0.0
24663,35.688,1.3442,0.07,0.32,41.25,0.0,0.0
23878,8.93,1.4242,0.1,0.05,39.15,0.0,0.444889
35756,7.4257,1.405,0.0,0.48,39.44,0.0,0.0
6305,24.852,1.3611,0.37,0.48,31.62,0.0,0.0
14443,17.332,1.3993,0.37,0.48,35.88,0.0,0.0
49959,4.7113,1.4459,0.15,0.02,38.39,0.0,0.5625
32249,2.3741,1.4961,0.0,0.14,40.2,0.734449,0.0
39082,78.355,1.3328,0.82,0.35,103.62,0.0,0.0
12578,20.524,1.385,0.37,0.48,33.57,0.0,0.0
33648,16.777,1.3955,0.37,0.48,32.38,0.0,0.0
9169,24.852,1.3611,0.37,0.48,31.62,0.0,0.0
10317,20.524,1.385,0.37,0.48,33.57,0.0,0.0
9743,24.852,1.3611,0.37,0.48,31.62,0.0,0.0
30288,19.264,1.3776,0.33,0.56,30.13,0.0,0.0
23825,8.93,1.4242,0.1,0.05,39.15,0.0,0.444889
41100,78.355,1.3328,0.82,0.35,103.62,0.0,0.0
21222,5.9867,1.3723,0.0,0.45,33.67,0.0,0.0
10673,20.524,1.385,0.37,0.48,33.57,0.0,0.0
21652,5.9867,1.3723,0.0,0.45,33.67,0.0,0.0
42244,5.5205,1.3842,0.0,0.45,34.26,0.0,0.0
14543,17.332,1.3993,0.37,0.48,35.88,0.0,0.0
36159,7.4257,1.405,0.0,0.48,39.44,0.0,0.0
32382,2.3741,1.4961,0.0,0.14,40.2,0.734449,0.0
33829,16.777,1.3955,0.37,0.48,32.38,0.0,0.0
16790,20.493,1.3588,0.04,0.49,33.77,0.0,0.0
1391,32.613,1.3288,0.43,0.47,31.77,0.0,0.0
26064,35.688,1.3442,0.07,0.32,41.25,0.0,0.0
27046,19.264,1.3776,0.33,0.56,30.13,0.0,0.0
32307,2.3741,1.4961,0.0,0.14,40.2,0.734449,0.0
28023,19.264,1.3776,0.33,0.56,30.13,0.0,0.0
45758,2.0165,1.4266,0.0,0.0,35.48,0.0,0.0
38493,2.2099,1.4224,0.0,0.64,47.14,0.0,0.0
37725,15.944,1.3978,0.33,0.56,32.44,0.0,0.0
10132,20.524,1.385,0.37,0.48,33.57,0.0,0.0
42762,37.219,1.4305,0.0,0.74,49.56,0.0,0.0
35359,15.13,1.4101,0.37,0.48,36.5,0.0,0.0
6111,24.852,1.3611,0.37,0.48,31.62,0.0,0.0
45352,2.0165,1.4266,0.0,0.0,35.48,0.0,0.0
3519,32.613,1.3288,0.43,0.47,31.77,0.0,0.0
34409,16.777,1.3955,0.37,0.48,32.38,0.0,0.0
33665,16.777,1.3955,0.37,0.48,32.38,0.0,0.0
14243,17.332,1.3993,0.37,0.48,35.88,0.0,0.0
11617,20.524,1.385,0.37,0.48,33.57,0.0,0.0
39385,78.355,1.3328,0.82,0.35,103.62,0.0,0.0
39135,78.355,1.3328,0.82,0.35,103.62,0.0,0.0
2297,32.613,1.3288,0.43,0.47,31.77,0.0,0.0
36582,18.246,1.3788,0.0,0.51,34.5,0.0,0.0
23899,8.93,1.4242,0.1,0.05,39.15,0.0,0.444889
49180,8.331,1.3599,0.0,0.38,33.36,0.0,0.0
40867,78.355,1.3328,0.82,0.35,103.62,0.0,0.0
47009,6.8615,1.3614,0.0,0.45,35.59,0.0,0.0
36264,18.246,1.3788,0.0,0.51,34.5,0.0,0.0
27560,19.264,1.3776,0.33,0.56,30.13,0.0,0.0
30991,19.264,1.3776,0.33,0.56,30.13,0.0,0.0
7676,24.852,1.3611,0.37,0.48,31.62,0.0,0.0
36471,18.246,1.3788,0.0,0.51,34.5,0.0,0.0
17008,20.493,1.3588,0.04,0.49,33.77,0.0,0.0
39252,78.355,1.3328,0.82,0.35,103.62,0.0,0.0
8821,24.852,1.3611,0.37,0.48,31.62,0.0,0.0
12656,20.524,1.385,0.37,0.48,33.57,0.0,0.0
17716,20.493,1.3588,0.04,0.49,33.77,0.0,0.0
27578,19.264,1.3776,0.33,0.56,30.13,0.0,0.0
25548,35.688,1.3442,0.07,0.32,41.25,0.0,0.0
26344,35.688,1.3442,0.07,0.32,41.25,0.0,0.0
21060,5.9867,1.3723,0.0,0.45,33.67,0.0,0.0
11583,20.524,1.385,0.37,0.48,33.57,0.0,0.0
8840,24.852,1.3611,0.37,0.48,31.62,0.0,0.0
48554,1.8819,1.3749,0.0,0.0,25.75,0.0,0.0
23000,5.9867,1.3723,0.0,0.45,33.67,0.0,0.0
30647,19.264,1.3776,0.33,0.56,30.13,0.0,0.0
48724,1.8819,1.3749,0.0,0.0,25.75,0.0,0.0
34074,16.777,1.3955,0.37,0.48,32.38,0.0,0.0
46487,4.24,1.3526,0.0,0.41,23.96,0.0,0.0
18769,20.493,1.3588,0.04,0.49,33.77,0.0,0.0
36462,18.246,1.3788,0.0,0.51,34.5,0.0,0.0
9718,24.852,1.3611,0.37,0.48,31.62,0.0,0.0
28334,19.264,1.3776,0.33,0.56,30.13,0.0,0.0
17697,20.493,1.3588,0.04,0.49,33.77,0.0,0.0
2806,32.613,1.3288,0.43,0.47,31.77,0.0,0.0
27603,19.264,1.3776,0.33,0.56,30.13,0.0,0.0
4493,24.852,1.3611,0.37,0.48,31.62,0.0,0.0
19944,20.493,1.3588,0.04,0.49,33.77,0.0,0.0
25398,35.688,1.3442,0.07,0.32,41.25,0.0,0.0
47636,6.8615,1.3614,0.0,0.45,35.59,0.0,0.0
28142,19.264,1.3776,0.33,0.56,30.13,0.0,0.0
6419,24.852,1.3611,0.37,0.48,31.62,0.0,0.0
3540,32.613,1.3288,0.43,0.47,31.77,0.0,0.0
27401,19.264,1.3776,0.33,0.56,30.13,0.0,0.0
42752,37.219,1.4305,0.0,0.74,49.56,0.0,0.0
10118,20.524,1.385,0.37,0.48,33.57,0.0,0.0
48830,1.8819,1.3749,0.0,0.0,25.75,0.0,0.0
1469,32.613,1.3288,0.43,0.47,31.77,0.0,0.0
26190,35.688,1.3442,0.07,0.32,41.25,0.0,0.0
9497,24.852,1.3611,0.37,0.48,31.62,0.0,0.0
4841,24.852,1.3611,0.37,0.48,31.62,0.0,0.0
11605,20.524,1.385,0.37,0.48,33.57,0.0,0.0
20992,5.9867,1.3723,0.0,0.45,33.67,0.0,0.0
23085,5.9867,1.3723,0.0,0.45,33.67,0.0,0.0
35507,7.4257,1.405,0.0,0.48,39.44,0.0,0.0
25783,35.688,1.3442,0.07,0.32,41.25,0.0,0.0
14877,17.332,1.3993,0.37,0.48,35.88,0.0,0.0
14843,17.332,1.3993,0.37,0.48,35.88,0.0,0.0
15222,17.332,1.3993,0.37,0.48,35.88,0.0,0.0
45128,40.245,1.4318,0.58,0.78,69.07,0.0,0.0
24590,35.688,1.3442,0.07,0.32,41.25,0.0,0.0
16524,20.493,1.3588,0.04,0.49,33.77,0.0,0.0
39171,78.355,1.3328,0.82,0.35,103.62,0.0,0.0
3621,32.613,1.3288,0.43,0.47,31.77,0.0,0.0
34495,16.777,1.3955,0.37,0.48,32.38,0.0,0.0
32288,2.3741,1.4961,0.0,0.14,40.2,0.734449,0.0
49171,8.331,1.3599,0.0,0.38,33.36,0.0,0.0
9662,24.852,1.3611,0.37,0.48,31.62,0.0,0.0
21639,5.9867,1.3723,0.0,0.45,33.67,0.0,0.0
22125,5.9867,1.3723,0.0,0.45,33.67,0.0,0.0
32922,2.3741,1.4961,0.0,0.14,40.2,0.734449,0.0
43881,37.219,1.4305,0.0,0.74,49.56,0.0,0.0
18545,20.493,1.3588,0.04,0.49,33.77,0.0,0.0
27270,19.264,1.3776,0.33,0.56,30.13,0.0,0.0
161,32.613,1.3288,0.43,0.47,31.77,0.0,0.0
41476,78.355,1.3328,0.82,0.35,103.62,0.0,0.0
43974,37.219,1.4305,0.0,0.74,49.56,0.0,0.0
43872,37.219,1.4305,0.0,0.74,49.56,0.0,0.0
6413,24.852,1.3611,0.37,0.48,31.62,0.0,0.0
48398,1.8819,1.3749,0.0,0.0,25.75,0.0,0.0
36084,7.4257,1.405,0.0,0.48,39.44,0.0,0.0
11467,20.524,1.385,0.37,0.48,33.57,0.0,0.0
45286,2.0165,1.4266,0.0,0.0,35.48,0.0,0.0
11398,20.524,1.385,0.37,0.48,33.57,0.0,0.0
15174,17.332,1.3993,0.37,0.48,35.88,0.0,0.0
14365,17.332,1.3993,0.37,0.48,35.88,0.0,0.0
38225,2.2099,1.4224,0.0,0.64,47.14,0.0,0.0
17392,20.493,1.3588,0.04,0.49,33.77,0.0,0.0
32373,2.3741,1.4961,0.0,0.14,40.2,0.734449,0.0
34294,16.777,1.3955,0.37,0.48,32.38,0.0,0.0
34921,15.13,1.4101,0.37,0.48,36.5,0.0,0.0
39724,78.355,1.3328,0.82,0.35,103.62,0.0,0.0
31557,15.619000000000002,1.4507,0.0,0.56,49.76,0.0,0.0
27173,19.264,1.3776,0.33,0.56,30.13,0.0,0.0
42563,37.219,1.4305,0.0,0.74,49.56,0.0,0.0
16394,17.332,1.3993,0.37,0.48,35.88,0.0,0.0
4574,24.852,1.3611,0.37,0.48,31.62,0.0,0.0
3549,32.613,1.3288,0.43,0.47,31.77,0.0,0.0
24633,35.688,1.3442,0.07,0.32,41.25,0.0,0.0
20237,5.9867,1.3723,0.0,0.45,33.67,0.0,0.0
41794,78.355,1.3328,0.82,0.35,103.62,0.0,0.0
35243,15.13,1.4101,0.37,0.48,36.5,0.0,0.0
13956,17.332,1.3993,0.37,0.48,35.88,0.0,0.0
3067,32.613,1.3288,0.43,0.47,31.77,0.0,0.0
42134,78.355,1.3328,0.82,0.35,103.62,0.0,0.0
20306,5.9867,1.3723,0.0,0.45,33.67,0.0,0.0
24878,35.688,1.3442,0.07,0.32,41.25,0.0,0.0
12389,20.524,1.385,0.37,0.48,33.57,0.0,0.0
17744,20.493,1.3588,0.04,0.49,33.77,0.0,0.0
21499,5.9867,1.3723,0.0,0.45,33.67,0.0,0.0
9700,24.852,1.3611,0.37,0.48,31.62,0.0,0.0
47090,6.8615,1.3614,0.0,0.45,35.59,0.0,0.0
43320,37.219,1.4305,0.0,0.74,49.56,0.0,0.0
34415,16.777,1.3955,0.37,0.48,32.38,0.0,0.0
37497,15.944,1.3978,0.33,0.56,32.44,0.0,0.0
9112,24.852,1.3611,0.37,0.48,31.62,0.0,0.0
32317,2.3741,1.4961,0.0,0.14,40.2,0.734449,0.0
17967,20.493,1.3588,0.04,0.49,33.77,0.0,0.0
48035,12.457,1.5396,0.33,0.56,52.96,0.5625,0.0
43640,37.219,1.4305,0.0,0.74,49.56,0.0,0.0
2386,32.613,1.3288,0.43,0.47,31.77,0.0,0.0
37398,15.944,1.3978,0.33,0.56,32.44,0.0,0.0
37462,15.944,1.3978,0.33,0.56,32.44,0.0,0.0
25244,35.688,1.3442,0.07,0.32,41.25,0.0,0.0
39833,78.355,1.3328,0.82,0.35,103.62,0.0,0.0
11377,20.524,1.385,0.37,0.48,33.57,0.0,0.0
42552,37.219,1.4305,0.0,0.74,49.56,0.0,0.0
7574,24.852,1.3611,0.37,0.48,31.62,0.0,0.0
3415,32.613,1.3288,0.43,0.47,31.77,0.0,0.0
27764,19.264,1.3776,0.33,0.56,30.13,0.0,0.0
35311,15.13,1.4101,0.37,0.48,36.5,0.0,0.0
23842,8.93,1.4242,0.1,0.05,39.15,0.0,0.444889
42891,37.219,1.4305,0.0,0.74,49.56,0.0,0.0
25176,35.688,1.3442,0.07,0.32,41.25,0.0,0.0
24204,8.93,1.4242,0.1,0.05,39.15,0.0,0.444889
16633,20.493,1.3588,0.04,0.49,33.77,0.0,0.0
13868,17.332,1.3993,0.37,0.48,35.88,0.0,0.0
42351,5.5205,1.3842,0.0,0.45,34.26,0.0,0.0
10420,20.524,1.385,0.37,0.48,33.57,0.0,0.0
19876,20.493,1.3588,0.04,0.49,33.77,0.0,0.0
21590,5.9867,1.3723,0.0,0.45,33.67,0.0,0.0
21276,5.9867,1.3723,0.0,0.45,33.67,0.0,0.0
47969,4.9941,1.3941,0.0,0.45,35.81,0.0,0.0
36911,18.246,1.3788,0.0,0.51,34.5,0.0,0.0
3184,32.613,1.3288,0.43,0.47,31.77,0.0,0.0
24755,35.688,1.3442,0.07,0.32,41.25,0.0,0.0
30035,19.264,1.3776,0.33,0.56,30.13,0.0,0.0
21839,5.9867,1.3723,0.0,0.45,33.67,0.0,0.0
37842,2.2099,1.4224,0.0,0.64,47.14,0.0,0.0
28936,19.264,1.3776,0.33,0.56,30.13,0.0,0.0
4156,32.613,1.3288,0.43,0.47,31.77,0.0,0.0
36146,7.4257,1.405,0.0,0.48,39.44,0.0,0.0
36366,18.246,1.3788,0.0,0.51,34.5,0.0,0.0
30736,19.264,1.3776,0.33,0.56,30.13,0.0,0.0
48453,1.8819,1.3749,0.0,0.0,25.75,0.0,0.0
41989,78.355,1.3328,0.82,0.35,103.62,0.0,0.0
14132,17.332,1.3993,0.37,0.48,35.88,0.0,0.0
38952,2.2099,1.4224,0.0,0.64,47.14,0.0,0.0
47724,4.9941,1.3941,0.0,0.45,35.81,0.0,0.0
34365,16.777,1.3955,0.37,0.48,32.38,0.0,0.0
83,32.613,1.3288,0.43,0.47,31.77,0.0,0.0
30622,19.264,1.3776,0.33,0.56,30.13,0.0,0.0
46650,2.228,1.4601,0.0,0.0,38.04,0.0,0.6400000000000001
3194,32.613,1.3288,0.43,0.47,31.77,0.0,0.0
31216,9.8629,1.4295,0.37,0.48,39.01,0.0,0.0
14822,17.332,1.3993,0.37,0.48,35.88,0.0,0.0
27937,19.264,1.3776,0.33,0.56,30.13,0.0,0.0
40892,78.355,1.3328,0.82,0.35,103.62,0.0,0.0
45386,2.0165,1.4266,0.0,0.0,35.48,0.0,0.0
35379,15.13,1.4101,0.37,0.48,36.5,0.0,0.0
37177,15.944,1.3978,0.33,0.56,32.44,0.0,0.0
43071,37.219,1.4305,0.0,0.74,49.56,0.0,0.0
8385,24.852,1.3611,0.37,0.48,31.62,0.0,0.0
23076,5.9867,1.3723,0.0,0.45,33.67,0.0,0.0
45664,2.0165,1.4266,0.0,0.0,35.48,0.0,0.0
7569,24.852,1.3611,0.37,0.48,31.62,0.0,0.0
17507,20.493,1.3588,0.04,0.49,33.77,0.0,0.0
16369,17.332,1.3993,0.37,0.48,35.88,0.0,0.0
18358,20.493,1.3588,0.04,0.49,33.77,0.0,0.0
32277,2.3741,1.4961,0.0,0.14,40.2,0.734449,0.0
41092,78.355,1.3328,0.82,0.35,103.62,0.0,0.0
28350,19.264,1.3776,0.33,0.56,30.13,0.0,0.0
230,32.613,1.3288,0.43,0.47,31.77,0.0,0.0
48015,4.9941,1.3941,0.0,0.45,35.81,0.0,0.0
1574,32.613,1.3288,0.43,0.47,31.77,0.0,0.0
27346,19.264,1.3776,0.33,0.56,30.13,0.0,0.0
41035,78.355,1.3328,0.82,0.35,103.62,0.0,0.0
44686,40.245,1.4318,0.58,0.78,69.07,0.0,0.0
28112,19.264,1.3776,0.33,0.56,30.13,0.0,0.0
4503,24.852,1.3611,0.37,0.48,31.62,0.0,0.0
20203,5.9867,1.3723,0.0,0.45,33.67,0.0,0.0
17726,20.493,1.3588,0.04,0.49,33.77,0.0,0.0
35696,7.4257,1.405,0.0,0.48,39.44,0.0,0.0
27511,19.264,1.3776,0.33,0.56,30.13,0.0,0.0
1275,32.613,1.3288,0.43,0.47,31.77,0.0,0.0
21315,5.9867,1.3723,0.0,0.45,33.67,0.0,0.0
1345,32.613,1.3288,0.43,0.47,31.77,0.0,0.0
14061,17.332,1.3993,0.37,0.48,35.88,0.0,0.0
48634,1.8819,1.3749,0.0,0.0,25.75,0.0,0.0
35538,7.4257,1.405,0.0,0.48,39.44,0.0,0.0
3913,32.613,1.3288,0.43,0.47,31.77,0.0,0.0
8444,24.852,1.3611,0.37,0.48,31.62,0.0,0.0
42918,37.219,1.4305,0.0,0.74,49.56,0.0,0.0
29376,19.264,1.3776,0.33,0.56,30.13,0.0,0.0
43777,37.219,1.4305,0.0,0.74,49.56,0.0,0.0
1238,32.613,1.3288,0.43,0.47,31.77,0.0,0.0
4595,24.852,1.3611,0.37,0.48,31.62,0.0,0.0
8803,24.852,1.3611,0.37,0.48,31.62,0.0,0.0
41108,78.355,1.3328,0.82,0.35,103.62,0.0,0.0
52995,4.2247,1.5174,0.0,0.29,50.52,0.5625,0.0
43122,37.219,1.4305,0.0,0.74,49.56,0.0,0.0
31808,15.619000000000002,1.4507,0.0,0.56,49.76,0.0,0.0
43276,37.219,1.4305,0.0,0.74,49.56,0.0,0.0
29394,19.264,1.3776,0.33,0.56,30.13,0.0,0.0
39245,78.355,1.3328,0.82,0.35,103.62,0.0,0.0
37688,15.944,1.3978,0.33,0.56,32.44,0.0,0.0
36152,7.4257,1.405,0.0,0.48,39.44,0.0,0.0
43606,37.219,1.4305,0.0,0.74,49.56,0.0,0.0
8435,24.852,1.3611,0.37,0.48,31.62,0.0,0.0
10362,20.524,1.385,0.37,0.48,33.57,0.0,0.0
17148,20.493,1.3588,0.04,0.49,33.77,0.0,0.0
21937,5.9867,1.3723,0.0,0.45,33.67,0.0,0.0
28586,19.264,1.3776,0.33,0.56,30.13,0.0,0.0
12684,20.524,1.385,0.37,0.48,33.57,0.0,0.0
43141,37.219,1.4305,0.0,0.74,49.56,0.0,0.0
15183,17.332,1.3993,0.37,0.48,35.88,0.0,0.0
18091,20.493,1.3588,0.04,0.49,33.77,0.0,0.0
37824,2.2099,1.4224,0.0,0.64,47.14,0.0,0.0
20227,5.9867,1.3723,0.0,0.45,33.67,0.0,0.0
15804,17.332,1.3993,0.37,0.48,35.88,0.0,0.0
905,32.613,1.3288,0.43,0.47,31.77,0.0,0.0
40861,78.355,1.3328,0.82,0.35,103.62,0.0,0.0
34395,16.777,1.3955,0.37,0.48,32.38,0.0,0.0
17517,20.493,1.3588,0.04,0.49,33.77,0.0,0.0
37879,2.2099,1.4224,0.0,0.64,47.14,0.0,0.0
4906,24.852,1.3611,0.37,0.48,31.62,0.0,0.0
33770,16.777,1.3955,0.37,0.48,32.38,0.0,0.0
24457,35.688,1.3442,0.07,0.32,41.25,0.0,0.0
48840,1.8819,1.3749,0.0,0.0,25.75,0.0,0.0
34909,15.13,1.4101,0.37,0.48,36.5,0.0,0.0
51412,10.125,1.4448,0.1,0.11,45.86,0.0,0.25
27292,19.264,1.3776,0.33,0.56,30.13,0.0,0.0
17357,20.493,1.3588,0.04,0.49,33.77,0.0,0.0
3928,32.613,1.3288,0.43,0.47,31.77,0.0,0.0
31932,2.3741,1.4961,0.0,0.14,40.2,0.734449,0.0
11304,20.524,1.385,0.37,0.48,33.57,0.0,0.0
13536,17.332,1.3993,0.37,0.48,35.88,0.0,0.0
13783,17.332,1.3993,0.37,0.48,35.88,0.0,0.0
31367,9.8629,1.4295,0.37,0.48,39.01,0.0,0.0
28612,19.264,1.3776,0.33,0.56,30.13,0.0,0.0
38911,2.2099,1.4224,0.0,0.64,47.14,0.0,0.0
691,32.613,1.3288,0.43,0.47,31.77,0.0,0.0
1585,32.613,1.3288,0.43,0.47,31.77,0.0,0.0
485,32.613,1.3288,0.43,0.47,31.77,0.0,0.0
341,32.613,1.3288,0.43,0.47,31.77,0.0,0.0
35321,15.13,1.4101,0.37,0.48,36.5,0.0,0.0
13810,17.332,1.3993,0.37,0.48,35.88,0.0,0.0
617,32.613,1.3288,0.43,0.47,31.77,0.0,0.0
48901,1.8819,1.3749,0.0,0.0,25.75,0.0,0.0
39152,78.355,1.3328,0.82,0.35,103.62,0.0,0.0
48379,1.8819,1.3749,0.0,0.0,25.75,0.0,0.0
8918,24.852,1.3611,0.37,0.48,31.62,0.0,0.0
4582,24.852,1.3611,0.37,0.48,31.62,0.0,0.0
5215,24.852,1.3611,0.37,0.48,31.62,0.0,0.0
20028,5.9867,1.3723,0.0,0.45,33.67,0.0,0.0
37968,2.2099,1.4224,0.0,0.64,47.14,0.0,0.0
1866,32.613,1.3288,0.43,0.47,31.77,0.0,0.0
22859,5.9867,1.3723,0.0,0.45,33.67,0.0,0.0
28150,19.264,1.3776,0.33,0.56,30.13,0.0,0.0
3666,32.613,1.3288,0.43,0.47,31.77,0.0,0.0
10464,20.524,1.385,0.37,0.48,33.57,0.0,0.0
21411,5.9867,1.3723,0.0,0.45,33.67,0.0,0.0
38745,2.2099,1.4224,0.0,0.64,47.14,0.0,0.0
15863,17.332,1.3993,0.37,0.48,35.88,0.0,0.0
26819,35.688,1.3442,0.07,0.32,41.25,0.0,0.0
36502,18.246,1.3788,0.0,0.51,34.5,0.0,0.0
47880,4.9941,1.3941,0.0,0.45,35.81,0.0,0.0
6071,24.852,1.3611,0.37,0.48,31.62,0.0,0.0
53673,1.9406,1.3974,0.0,0.0,30.43,0.0,0.0
37958,2.2099,1.4224,0.0,0.64,47.14,0.0,0.0
19220,20.493,1.3588,0.04,0.49,33.77,0.0,0.0
9632,24.852,1.3611,0.37,0.48,31.62,0.0,0.0
39306,78.355,1.3328,0.82,0.35,103.62,0.0,0.0
26531,35.688,1.3442,0.07,0.32,41.25,0.0,0.0
34043,16.777,1.3955,0.37,0.48,32.38,0.0,0.0
20555,5.9867,1.3723,0.0,0.45,33.67,0.0,0.0
1972,32.613,1.3288,0.43,0.47,31.77,0.0,0.0
17753,20.493,1.3588,0.04,0.49,33.77,0.0,0.0
50068,11.321,1.4249,0.37,0.48,38.5,0.0,0.0
37007,18.246,1.3788,0.0,0.51,34.5,0.0,0.0
40120,78.355,1.3328,0.82,0.35,103.62,0.0,0.0
7160,24.852,1.3611,0.37,0.48,31.62,0.0,0.0
20824,5.9867,1.3723,0.0,0.45,33.67,0.0,0.0
28781,19.264,1.3776,0.33,0.56,30.13,0.0,0.0
8907,24.852,1.3611,0.37,0.48,31.62,0.0,0.0
24778,35.688,1.3442,0.07,0.32,41.25,0.0,0.0
39421,78.355,1.3328,0.82,0.35,103.62,0.0,0.0
7321,24.852,1.3611,0.37,0.48,31.62,0.0,0.0
4764,24.852,1.3611,0.37,0.48,31.62,0.0,0.0
13246,20.524,1.385,0.37,0.48,33.57,0.0,0.0
46514,2.228,1.4601,0.0,0.0,38.04,0.0,0.6400000000000001
22527,5.9867,1.3723,0.0,0.45,33.67,0.0,0.0
17441,20.493,1.3588,0.04,0.49,33.77,0.0,0.0
14886,17.332,1.3993,0.37,0.48,35.88,0.0,0.0
23027,5.9867,1.3723,0.0,0.45,33.67,0.0,0.0
1227,32.613,1.3288,0.43,0.47,31.77,0.0,0.0
15490,17.332,1.3993,0.37,0.48,35.88,0.0,0.0
15900,17.332,1.3993,0.37,0.48,35.88,0.0,0.0
20527,5.9867,1.3723,0.0,0.45,33.67,0.0,0.0
34254,16.777,1.3955,0.37,0.48,32.38,0.0,0.0
48835,1.8819,1.3749,0.0,0.0,25.75,0.0,0.0
27931,19.264,1.3776,0.33,0.56,30.13,0.0,0.0
3557,32.613,1.3288,0.43,0.47,31.77,0.0,0.0
17430,20.493,1.3588,0.04,0.49,33.77,0.0,0.0
15,32.613,1.3288,0.43,0.47,31.77,0.0,0.0
23726,5.9867,1.3723,0.0,0.45,33.67,0.0,0.0
25453,35.688,1.3442,0.07,0.32,41.25,0.0,0.0
17981,20.493,1.3588,0.04,0.49,33.77,0.0,0.0
17402,20.493,1.3588,0.04,0.49,33.77,0.0,0.0
22721,5.9867,1.3723,0.0,0.45,33.67,0.0,0.0
23889,8.93,1.4242,0.1,0.05,39.15,0.0,0.444889
14971,17.332,1.3993,0.37,0.48,35.88,0.0,0.0
17884,20.493,1.3588,0.04,0.49,33.77,0.0,0.0
8974,24.852,1.3611,0.37,0.48,31.62,0.0,0.0
36519,18.246,1.3788,0.0,0.51,34.5,0.0,0.0
37,32.613,1.3288,0.43,0.47,31.77,0.0,0.0
47291,6.8615,1.3614,0.0,0.45,35.59,0.0,0.0
39713,78.355,1.3328,0.82,0.35,103.62,0.0,0.0
10160,20.524,1.385,0.37,0.48,33.57,0.0,0.0
10272,20.524,1.385,0.37,0.48,33.57,0.0,0.0
33372,2.3741,1.4961,0.0,0.14,40.2,0.734449,0.0
39480,78.355,1.3328,0.82,0.35,103.62,0.0,0.0
8172,24.852,1.3611,0.37,0.48,31.62,0.0,0.0
40322,78.355,1.3328,0.82,0.35,103.62,0.0,0.0
16591,20.493,1.3588,0.04,0.49,33.77,0.0,0.0
30587,19.264,1.3776,0.33,0.56,30.13,0.0,0.0
27251,19.264,1.3776,0.33,0.56,30.13,0.0,0.0
32066,2.3741,1.4961,0.0,0.14,40.2,0.734449,0.0
19894,20.493,1.3588,0.04,0.49,33.77,0.0,0.0
11836,20.524,1.385,0.37,0.48,33.57,0.0,0.0
10430,20.524,1.385,0.37,0.48,33.57,0.0,0.0
13436,17.332,1.3993,0.37,0.48,35.88,0.0,0.0
39322,78.355,1.3328,0.82,0.35,103.62,0.0,0.0
6826,24.852,1.3611,0.37,0.48,31.62,0.0,0.0
31286,9.8629,1.4295,0.37,0.48,39.01,0.0,0.0
39929,78.355,1.3328,0.82,0.35,103.62,0.0,0.0
20510,5.9867,1.3723,0.0,0.45,33.67,0.0,0.0
31439,9.8629,1.4295,0.37,0.48,39.01,0.0,0.0
8667,24.852,1.3611,0.37,0.48,31.62,0.0,0.0
34233,16.777,1.3955,0.37,0.48,32.38,0.0,0.0
20491,5.9867,1.3723,0.0,0.45,33.67,0.0,0.0
31584,15.619000000000002,1.4507,0.0,0.56,49.76,0.0,0.0
6059,24.852,1.3611,0.37,0.48,31.62,0.0,0.0
4896,24.852,1.3611,0.37,0.48,31.62,0.0,0.0
32195,2.3741,1.4961,0.0,0.14,40.2,0.734449,0.0
48090,12.47,1.3878,0.31,0.6,28.73,0.0,0.0
16748,20.493,1.3588,0.04,0.49,33.77,0.0,0.0
34904,15.13,1.4101,0.37,0.48,36.5,0.0,0.0
21665,5.9867,1.3723,0.0,0.45,33.67,0.0,0.0
12049,20.524,1.385,0.37,0.48,33.57,0.0,0.0
10471,20.524,1.385,0.37,0.48,33.57,0.0,0.0
43266,37.219,1.4305,0.0,0.74,49.56,0.0,0.0
36282,18.246,1.3788,0.0,0.51,34.5,0.0,0.0
14773,17.332,1.3993,0.37,0.48,35.88,0.0,0.0
27901,19.264,1.3776,0.33,0.56,30.13,0.0,0.0
37808,2.2099,1.4224,0.0,0.64,47.14,0.0,0.0
11759,20.524,1.385,0.37,0.48,33.57,0.0,0.0
16843,20.493,1.3588,0.04,0.49,33.77,0.0,0.0
17675,20.493,1.3588,0.04,0.49,33.77,0.0,0.0
42535,37.219,1.4305,0.0,0.74,49.56,0.0,0.0
36888,18.246,1.3788,0.0,0.51,34.5,0.0,0.0
776,32.613,1.3288,0.43,0.47,31.77,0.0,0.0
9414,24.852,1.3611,0.37,0.48,31.62,0.0,0.0
33572,2.3741,1.4961,0.0,0.14,40.2,0.734449,0.0
47102,6.8615,1.3614,0.0,0.45,35.59,0.0,0.0
28926,19.264,1.3776,0.33,0.56,30.13,0.0,0.0
38346,2.2099,1.4224,0.0,0.64,47.14,0.0,0.0
30937,19.264,1.3776,0.33,0.56,30.13,0.0,0.0
31178,9.8629,1.4295,0.37,0.48,39.01,0.0,0.0
48324,1.9113,1.3878,0.0,0.0,28.28,0.0,0.0
14805,17.332,1.3993,0.37,0.48,35.88,0.0,0.0
13887,17.332,1.3993,0.37,0.48,35.88,0.0,0.0
24957,35.688,1.3442,0.07,0.32,41.25,0.0,0.0
12059,20.524,1.385,0.37,0.48,33.57,0.0,0.0
26180,35.688,1.3442,0.07,0.32,41.25,0.0,0.0
37169,15.944,1.3978,0.33,0.56,32.44,0.0,0.0
52816,2.3741,1.4961,0.0,0.14,40.2,0.734449,0.0
8558,24.852,1.3611,0.37,0.48,31.62,0.0,0.0
9235,24.852,1.3611,0.37,0.48,31.62,0.0,0.0
28749,19.264,1.3776,0.33,0.56,30.13,0.0,0.0
17375,20.493,1.3588,0.04,0.49,33.77,0.0,0.0
47302,6.8615,1.3614,0.0,0.45,35.59,0.0,0.0
25648,35.688,1.3442,0.07,0.32,41.25,0.0,0.0
31633,15.619000000000002,1.4507,0.0,0.56,49.76,0.0,0.0
4711,24.852,1.3611,0.37,0.48,31.62,0.0,0.0
20835,5.9867,1.3723,0.0,0.45,33.67,0.0,0.0
27471,19.264,1.3776,0.33,0.56,30.13,0.0,0.0
24742,35.688,1.3442,0.07,0.32,41.25,0.0,0.0
29313,19.264,1.3776,0.33,0.56,30.13,0.0,0.0
6346,24.852,1.3611,0.37,0.48,31.62,0.0,0.0
11939,20.524,1.385,0.37,0.48,33.57,0.0,0.0
9458,24.852,1.3611,0.37,0.48,31.62,0.0,0.0
31011,19.264,1.3776,0.33,0.56,30.13,0.0,0.0
12976,20.524,1.385,0.37,0.48,33.57,0.0,0.0
23455,5.9867,1.3723,0.0,0.45,33.67,0.0,0.0
420,32.613,1.3288,0.43,0.47,31.77,0.0,0.0
43671,37.219,1.4305,0.0,0.74,49.56,0.0,0.0
20038,5.9867,1.3723,0.0,0.45,33.67,0.0,0.0
48120,1.9113,1.3878,0.0,0.0,28.28,0.0,0.0
41523,78.355,1.3328,0.82,0.35,103.62,0.0,0.0
40501,78.355,1.3328,0.82,0.35,103.62,0.0,0.0
24147,8.93,1.4242,0.1,0.05,39.15,0.0,0.444889
42617,37.219,1.4305,0.0,0.74,49.56,0.0,0.0
3576,32.613,1.3288,0.43,0.47,31.77,0.0,0.0
25538,35.688,1.3442,0.07,0.32,41.25,0.0,0.0
34376,16.777,1.3955,0.37,0.48,32.38,0.0,0.0
11492,20.524,1.385,0.37,0.48,33.57,0.0,0.0
29813,19.264,1.3776,0.33,0.56,30.13,0.0,0.0
35340,15.13,1.4101,0.37,0.48,36.5,0.0,0.0
5031,24.852,1.3611,0.37,0.48,31.62,0.0,0.0
30262,19.264,1.3776,0.33,0.56,30.13,0.0,0.0
4954,24.852,1.3611,0.37,0.48,31.62,0.0,0.0
22959,5.9867,1.3723,0.0,0.45,33.67,0.0,0.0
8677,24.852,1.3611,0.37,0.48,31.62,0.0,0.0
8992,24.852,1.3611,0.37,0.48,31.62,0.0,0.0
21470,5.9867,1.3723,0.0,0.45,33.67,0.0,0.0
11788,20.524,1.385,0.37,0.48,33.57,0.0,0.0
26315,35.688,1.3442,0.07,0.32,41.25,0.0,0.0
22099,5.9867,1.3723,0.0,0.45,33.67,0.0,0.0
49407,4.7113,1.4459,0.15,0.02,38.39,0.0,0.5625
31958,2.3741,1.4961,0.0,0.14,40.2,0.734449,0.0
21726,5.9867,1.3723,0.0,0.45,33.67,0.0,0.0
346,32.613,1.3288,0.43,0.47,31.77,0.0,0.0
40402,78.355,1.3328,0.82,0.35,103.62,0.0,0.0
38751,2.2099,1.4224,0.0,0.64,47.14,0.0,0.0
28874,19.264,1.3776,0.33,0.56,30.13,0.0,0.0
33960,16.777,1.3955,0.37,0.48,32.38,0.0,0.0
31082,9.8629,1.4295,0.37,0.48,39.01,0.0,0.0
8748,24.852,1.3611,0.37,0.48,31.62,0.0,0.0
12407,20.524,1.385,0.37,0.48,33.57,0.0,0.0
11948,20.524,1.385,0.37,0.48,33.57,0.0,0.0
47661,6.8615,1.3614,0.0,0.45,35.59,0.0,0.0
19670,20.493,1.3588,0.04,0.49,33.77,0.0,0.0
8202,24.852,1.3611,0.37,0.48,31.62,0.0,0.0
4757,24.852,1.3611,0.37,0.48,31.62,0.0,0.0
46753,2.2706,1.5011,0.0,0.14,40.62,1.0,0.0
51513,16.78,1.3924,0.0,0.51,35.61,0.0,0.0
34305,16.777,1.3955,0.37,0.48,32.38,0.0,0.0
1083,32.613,1.3288,0.43,0.47,31.77,0.0,0.0
28577,19.264,1.3776,0.33,0.56,30.13,0.0,0.0
37757,2.2099,1.4224,0.0,0.64,47.14,0.0,0.0
606,32.613,1.3288,0.43,0.47,31.77,0.0,0.0
9610,24.852,1.3611,0.37,0.48,31.62,0.0,0.0
13664,17.332,1.3993,0.37,0.48,35.88,0.0,0.0
12443,20.524,1.385,0.37,0.48,33.57,0.0,0.0
43557,37.219,1.4305,0.0,0.74,49.56,0.0,0.0
39278,78.355,1.3328,0.82,0.35,103.62,0.0,0.0
10369,20.524,1.385,0.37,0.48,33.57,0.0,0.0
22901,5.9867,1.3723,0.0,0.45,33.67,0.0,0.0
21973,5.9867,1.3723,0.0,0.45,33.67,0.0,0.0
32003,2.3741,1.4961,0.0,0.14,40.2,0.734449,0.0
38843,2.2099,1.4224,0.0,0.64,47.14,0.0,0.0
19979,5.9867,1.3723,0.0,0.45,33.67,0.0,0.0
4814,24.852,1.3611,0.37,0.48,31.62,0.0,0.0
41436,78.355,1.3328,0.82,0.35,103.62,0.0,0.0
31064,9.8629,1.4295,0.37,0.48,39.01,0.0,0.0
13379,20.524,1.385,0.37,0.48,33.57,0.0,0.0
12756,20.524,1.385,0.37,0.48,33.57,0.0,0.0
40795,78.355,1.3328,0.82,0.35,103.62,0.0,0.0
30415,19.264,1.3776,0.33,0.56,30.13,0.0,0.0
47979,4.9941,1.3941,0.0,0.45,35.81,0.0,0.0
36540,18.246,1.3788,0.0,0.51,34.5,0.0,0.0
14965,17.332,1.3993,0.37,0.48,35.88,0.0,0.0
16291,17.332,1.3993,0.37,0.48,35.88,0.0,0.0
6160,24.852,1.3611,0.37,0.48,31.62,0.0,0.0
18537,20.493,1.3588,0.04,0.49,33.77,0.0,0.0
12270,20.524,1.385,0.37,0.48,33.57,0.0,0.0
28775,19.264,1.3776,0.33,0.56,30.13,0.0,0.0
21582,5.9867,1.3723,0.0,0.45,33.67,0.0,0.0
20961,5.9867,1.3723,0.0,0.45,33.67,0.0,0.0
43739,37.219,1.4305,0.0,0.74,49.56,0.0,0.0
10326,20.524,1.385,0.37,0.48,33.57,0.0,0.0
377,32.613,1.3288,0.43,0.47,31.77,0.0,0.0
42006,78.355,1.3328,0.82,0.35,103.62,0.0,0.0
41576,78.355,1.3328,0.82,0.35,103.62,0.0,0.0
5664,24.852,1.3611,0.37,0.48,31.62,0.0,0.0
33449,2.3741,1.4961,0.0,0.14,40.2,0.734449,0.0
39051,78.355,1.3328,0.82,0.35,103.62,0.0,0.0
7366,24.852,1.3611,0.37,0.48,31.62,0.0,0.0
29256,19.264,1.3776,0.33,0.56,30.13,0.0,0.0
28759,19.264,1.3776,0.33,0.56,30.13,0.0,0.0
16608,20.493,1.3588,0.04,0.49,33.77,0.0,0.0
37535,15.944,1.3978,0.33,0.56,32.44,0.0,0.0
33117,2.3741,1.4961,0.0,0.14,40.2,0.734449,0.0
5301,24.852,1.3611,0.37,0.48,31.62,0.0,0.0
28481,19.264,1.3776,0.33,0.56,30.13,0.0,0.0
23274,5.9867,1.3723,0.0,0.45,33.67,0.0,0.0
16328,17.332,1.3993,0.37,0.48,35.88,0.0,0.0
34384,16.777,1.3955,0.37,0.48,32.38,0.0,0.0
47365,6.8615,1.3614,0.0,0.45,35.59,0.0,0.0
53896,17.44,1.5372,0.0,0.48,56.19,0.444889,0.0
19571,20.493,1.3588,0.04,0.49,33.77,0.0,0.0
25567,35.688,1.3442,0.07,0.32,41.25,0.0,0.0
32238,2.3741,1.4961,0.0,0.14,40.2,0.734449,0.0
34703,16.777,1.3955,0.37,0.48,32.38,0.0,0.0
43286,37.219,1.4305,0.0,0.74,49.56,0.0,0.0
41718,78.355,1.3328,0.82,0.35,103.62,0.0,0.0
16025,17.332,1.3993,0.37,0.48,35.88,0.0,0.0
10125,20.524,1.385,0.37,0.48,33.57,0.0,0.0
35795,7.4257,1.405,0.0,0.48,39.44,0.0,0.0
6685,24.852,1.3611,0.37,0.48,31.62,0.0,0.0
20366,5.9867,1.3723,0.0,0.45,33.67,0.0,0.0
39218,78.355,1.3328,0.82,0.35,103.62,0.0,0.0
503,32.613,1.3288,0.43,0.47,31.77,0.0,0.0
3481,32.613,1.3288,0.43,0.47,31.77,0.0,0.0
29402,19.264,1.3776,0.33,0.56,30.13,0.0,0.0
23118,5.9867,1.3723,0.0,0.45,33.67,0.0,0.0
48739,1.8819,1.3749,0.0,0.0,25.75,0.0,0.0
33489,2.3741,1.4961,0.0,0.14,40.2,0.734449,0.0
37927,2.2099,1.4224,0.0,0.64,47.14,0.0,0.0
17479,20.493,1.3588,0.04,0.49,33.77,0.0,0.0
2168,32.613,1.3288,0.43,0.47,31.77,0.0,0.0
4359,32.613,1.3288,0.43,0.47,31.77,0.0,0.0
20949,5.9867,1.3723,0.0,0.45,33.67,0.0,0.0
45135,40.245,1.4318,0.58,0.78,69.07,0.0,0.0
18230,20.493,1.3588,0.04,0.49,33.77,0.0,0.0
38008,2.2099,1.4224,0.0,0.64,47.14,0.0,0.0
41803,78.355,1.3328,0.82,0.35,103.62,0.0,0.0
24568,35.688,1.3442,0.07,0.32,41.25,0.0,0.0
45453,2.0165,1.4266,0.0,0.0,35.48,0.0,0.0
35371,15.13,1.4101,0.37,0.48,36.5,0.0,0.0
13984,17.332,1.3993,0.37,0.48,35.88,0.0,0.0
13102,20.524,1.385,0.37,0.48,33.57,0.0,0.0
13414,17.332,1.3993,0.37,0.48,35.88,0.0,0.0
36435,18.246,1.3788,0.0,0.51,34.5,0.0,0.0
28682,19.264,1.3776,0.33,0.56,30.13,0.0,0.0
49935,4.7113,1.4459,0.15,0.02,38.39,0.0,0.5625
4566,24.852,1.3611,0.37,0.48,31.62,0.0,0.0
41551,78.355,1.3328,0.82,0.35,103.62,0.0,0.0
27823,19.264,1.3776,0.33,0.56,30.13,0.0,0.0
2722,32.613,1.3288,0.43,0.47,31.77,0.0,0.0
8739,24.852,1.3611,0.37,0.48,31.62,0.0,0.0
38355,2.2099,1.4224,0.0,0.64,47.14,0.0,0.0
52451,12.51,1.4178,0.37,0.48,37.15,0.0,0.0
37057,18.246,1.3788,0.0,0.51,34.5,0.0,0.0
2461,32.613,1.3288,0.43,0.47,31.77,0.0,0.0
16795,20.493,1.3588,0.04,0.49,33.77,0.0,0.0
4602,24.852,1.3611,0.37,0.48,31.62,0.0,0.0
32446,2.3741,1.4961,0.0,0.14,40.2,0.734449,0.0
22504,5.9867,1.3723,0.0,0.45,33.67,0.0,0.0
30043,19.264,1.3776,0.33,0.56,30.13,0.0,0.0
23018,5.9867,1.3723,0.0,0.45,33.67,0.0,0.0
1554,32.613,1.3288,0.43,0.47,31.77,0.0,0.0
19405,20.493,1.3588,0.04,0.49,33.77,0.0,0.0
31905,2.3741,1.4961,0.0,0.14,40.2,0.734449,0.0
4793,24.852,1.3611,0.37,0.48,31.62,0.0,0.0
25517,35.688,1.3442,0.07,0.32,41.25,0.0,0.0
45087,40.245,1.4318,0.58,0.78,69.07,0.0,0.0
10179,20.524,1.385,0.37,0.48,33.57,0.0,0.0
19911,20.493,1.3588,0.04,0.49,33.77,0.0,0.0
43614,37.219,1.4305,0.0,0.74,49.56,0.0,0.0
43472,37.219,1.4305,0.0,0.74,49.56,0.0,0.0
28513,19.264,1.3776,0.33,0.56,30.13,0.0,0.0
48749,1.8819,1.3749,0.0,0.0,25.75,0.0,0.0
33706,16.777,1.3955,0.37,0.48,32.38,0.0,0.0
14523,17.332,1.3993,0.37,0.48,35.88,0.0,0.0
13738,17.332,1.3993,0.37,0.48,35.88,0.0,0.0
7823,24.852,1.3611,0.37,0.48,31.62,0.0,0.0
9778,24.852,1.3611,0.37,0.48,31.62,0.0,0.0
27441,19.264,1.3776,0.33,0.56,30.13,0.0,0.0
32045,2.3741,1.4961,0.0,0.14,40.2,0.734449,0.0
45654,2.0165,1.4266,0.0,0.0,35.48,0.0,0.0
38602,2.2099,1.4224,0.0,0.64,47.14,0.0,0.0
24388,35.688,1.3442,0.07,0.32,41.25,0.0,0.0
22491,5.9867,1.3723,0.0,0.45,33.67,0.0,0.0
39490,78.355,1.3328,0.82,0.35,103.62,0.0,0.0
23613,5.9867,1.3723,0.0,0.45,33.67,0.0,0.0
48422,1.8819,1.3749,0.0,0.0,25.75,0.0,0.0
34403,16.777,1.3955,0.37,0.48,32.38,0.0,0.0
7032,24.852,1.3611,0.37,0.48,31.62,0.0,0.0
29079,19.264,1.3776,0.33,0.56,30.13,0.0,0.0
43497,37.219,1.4305,0.0,0.74,49.56,0.0,0.0
14945,17.332,1.3993,0.37,0.48,35.88,0.0,0.0
18527,20.493,1.3588,0.04,0.49,33.77,0.0,0.0
2511,32.613,1.3288,0.43,0.47,31.77,0.0,0.0
24599,35.688,1.3442,0.07,0.32,41.25,0.0,0.0
4261,32.613,1.3288,0.43,0.47,31.77,0.0,0.0
1945,32.613,1.3288,0.43,0.47,31.77,0.0,0.0
1558,32.613,1.3288,0.43,0.47,31.77,0.0,0.0
42225,5.5205,1.3842,0.0,0.45,34.26,0.0,0.0
30305,19.264,1.3776,0.33,0.56,30.13,0.0,0.0
49291,8.331,1.3599,0.0,0.38,33.36,0.0,0.0
38286,2.2099,1.4224,0.0,0.64,47.14,0.0,0.0
11229,20.524,1.385,0.37,0.48,33.57,0.0,0.0
43271,37.219,1.4305,0.0,0.74,49.56,0.0,0.0
3424,32.613,1.3288,0.43,0.47,31.77,0.0,0.0
30281,19.264,1.3776,0.33,0.56,30.13,0.0,0.0
28253,19.264,1.3776,0.33,0.56,30.13,0.0,0.0
34100,16.777,1.3955,0.37,0.48,32.38,0.0,0.0
624,32.613,1.3288,0.43,0.47,31.77,0.0,0.0
53662,1.9406,1.3974,0.0,0.0,30.43,0.0,0.0
34782,15.13,1.4101,0.37,0.48,36.5,0.0,0.0
25281,35.688,1.3442,0.07,0.32,41.25,0.0,0.0
33786,16.777,1.3955,0.37,0.48,32.38,0.0,0.0
15111,17.332,1.3993,0.37,0.48,35.88,0.0,0.0
42541,37.219,1.4305,0.0,0.74,49.56,0.0,0.0
20547,5.9867,1.3723,0.0,0.45,33.67,0.0,0.0
11510,20.524,1.385,0.37,0.48,33.57,0.0,0.0
27978,19.264,1.3776,0.33,0.56,30.13,0.0,0.0
3799,32.613,1.3288,0.43,0.47,31.77,0.0,0.0
19455,20.493,1.3588,0.04,0.49,33.77,0.0,0.0
9308,24.852,1.3611,0.37,0.48,31.62,0.0,0.0
26682,35.688,1.3442,0.07,0.32,41.25,0.0,0.0
29986,19.264,1.3776,0.33,0.56,30.13,0.0,0.0
19728,20.493,1.3588,0.04,0.49,33.77,0.0,0.0
5712,24.852,1.3611,0.37,0.48,31.62,0.0,0.0
9018,24.852,1.3611,0.37,0.48,31.62,0.0,0.0
10208,20.524,1.385,0.37,0.48,33.57,0.0,0.0
2665,32.613,1.3288,0.43,0.47,31.77,0.0,0.0
45079,40.245,1.4318,0.58,0.78,69.07,0.0,0.0
5829,24.852,1.3611,0.37,0.48,31.62,0.0,0.0
40898,78.355,1.3328,0.82,0.35,103.62,0.0,0.0
2148,32.613,1.3288,0.43,0.47,31.77,0.0,0.0
29137,19.264,1.3776,0.33,0.56,30.13,0.0,0.0
7698,24.852,1.3611,0.37,0.48,31.62,0.0,0.0
13848,17.332,1.3993,0.37,0.48,35.88,0.0,0.0
10730,20.524,1.385,0.37,0.48,33.57,0.0,0.0
37354,15.944,1.3978,0.33,0.56,32.44,0.0,0.0
36548,18.246,1.3788,0.0,0.51,34.5,0.0,0.0
16430,17.332,1.3993,0.37,0.48,35.88,0.0,0.0
38336,2.2099,1.4224,0.0,0.64,47.14,0.0,0.0
47216,6.8615,1.3614,0.0,0.45,35.59,0.0,0.0
6736,24.852,1.3611,0.37,0.48,31.62,0.0,0.0
13838,17.332,1.3993,0.37,0.48,35.88,0.0,0.0
4145,32.613,1.3288,0.43,0.47,31.77,0.0,0.0
21128,5.9867,1.3723,0.0,0.45,33.67,0.0,0.0
34914,15.13,1.4101,0.37,0.48,36.5,0.0,0.0
42077,78.355,1.3328,0.82,0.35,103.62,0.0,0.0
38789,2.2099,1.4224,0.0,0.64,47.14,0.0,0.0
47567,6.8615,1.3614,0.0,0.45,35.59,0.0,0.0
36231,7.4257,1.405,0.0,0.48,39.44,0.0,0.0
43080,37.219,1.4305,0.0,0.74,49.56,0.0,0.0
51311,10.125,1.4448,0.1,0.11,45.86,0.0,0.25
24368,35.688,1.3442,0.07,0.32,41.25,0.0,0.0
26220,35.688,1.3442,0.07,0.32,41.25,0.0,0.0
48765,1.8819,1.3749,0.0,0.0,25.75,0.0,0.0
40466,78.355,1.3328,0.82,0.35,103.62,0.0,0.0
43631,37.219,1.4305,0.0,0.74,49.56,0.0,0.0
20195,5.9867,1.3723,0.0,0.45,33.67,0.0,0.0
37670,15.944,1.3978,0.33,0.56,32.44,0.0,0.0
8359,24.852,1.3611,0.37,0.48,31.62,0.0,0.0
7885,24.852,1.3611,0.37,0.48,31.62,0.0,0.0
35527,7.4257,1.405,0.0,0.48,39.44,0.0,0.0
35831,7.4257,1.405,0.0,0.48,39.44,0.0,0.0
15823,17.332,1.3993,0.37,0.48,35.88,0.0,0.0
24194,8.93,1.4242,0.1,0.05,39.15,0.0,0.444889
20451,5.9867,1.3723,0.0,0.45,33.67,0.0,0.0
33502,2.3741,1.4961,0.0,0.14,40.2,0.734449,0.0
34582,16.777,1.3955,0.37,0.48,32.38,0.0,0.0
15785,17.332,1.3993,0.37,0.48,35.88,0.0,0.0
5205,24.852,1.3611,0.37,0.48,31.62,0.0,0.0
22831,5.9867,1.3723,0.0,0.45,33.67,0.0,0.0
3232,32.613,1.3288,0.43,0.47,31.77,0.0,0.0
20246,5.9867,1.3723,0.0,0.45,33.67,0.0,0.0
14269,17.332,1.3993,0.37,0.48,35.88,0.0,0.0
36415,18.246,1.3788,0.0,0.51,34.5,0.0,0.0
32411,2.3741,1.4961,0.0,0.14,40.2,0.734449,0.0
37801,2.2099,1.4224,0.0,0.64,47.14,0.0,0.0
12424,20.524,1.385,0.37,0.48,33.57,0.0,0.0
23094,5.9867,1.3723,0.0,0.45,33.67,0.0,0.0
36962,18.246,1.3788,0.0,0.51,34.5,0.0,0.0
47617,6.8615,1.3614,0.0,0.45,35.59,0.0,0.0
33860,16.777,1.3955,0.37,0.48,32.38,0.0,0.0
45867,2.0165,1.4266,0.0,0.0,35.48,0.0,0.0
14744,17.332,1.3993,0.37,0.48,35.88,0.0,0.0
38195,2.2099,1.4224,0.0,0.64,47.14,0.0,0.0
28958,19.264,1.3776,0.33,0.56,30.13,0.0,0.0
39089,78.355,1.3328,0.82,0.35,103.62,0.0,0.0
23719,5.9867,1.3723,0.0,0.45,33.67,0.0,0.0
27685,19.264,1.3776,0.33,0.56,30.13,0.0,0.0
1661,32.613,1.3288,0.43,0.47,31.77,0.0,0.0
3509,32.613,1.3288,0.43,0.47,31.77,0.0,0.0
4887,24.852,1.3611,0.37,0.48,31.62,0.0,0.0
28980,19.264,1.3776,0.33,0.56,30.13,0.0,0.0
9891,24.852,1.3611,0.37,0.48,31.62,0.0,0.0
18106,20.493,1.3588,0.04,0.49,33.77,0.0,0.0
21164,5.9867,1.3723,0.0,0.45,33.67,0.0,0.0
33430,2.3741,1.4961,0.0,0.14,40.2,0.734449,0.0
39352,78.355,1.3328,0.82,0.35,103.62,0.0,0.0
22138,5.9867,1.3723,0.0,0.45,33.67,0.0,0.0
19679,20.493,1.3588,0.04,0.49,33.77,0.0,0.0
13768,17.332,1.3993,0.37,0.48,35.88,0.0,0.0
26162,35.688,1.3442,0.07,0.32,41.25,0.0,0.0
4051,32.613,1.3288,0.43,0.47,31.77,0.0,0.0
41832,78.355,1.3328,0.82,0.35,103.62,0.0,0.0
7621,24.852,1.3611,0.37,0.48,31.62,0.0,0.0
19811,20.493,1.3588,0.04,0.49,33.77,0.0,0.0
5993,24.852,1.3611,0.37,0.48,31.62,0.0,0.0
16460,17.332,1.3993,0.37,0.48,35.88,0.0,0.0
35867,7.4257,1.405,0.0,0.48,39.44,0.0,0.0
20462,5.9867,1.3723,0.0,0.45,33.67,0.0,0.0
4945,24.852,1.3611,0.37,0.48,31.62,0.0,0.0
23578,5.9867,1.3723,0.0,0.45,33.67,0.0,0.0
24658,35.688,1.3442,0.07,0.32,41.25,0.0,0.0
22657,5.9867,1.3723,0.0,0.45,33.67,0.0,0.0
13369,20.524,1.385,0.37,0.48,33.57,0.0,0.0
41292,78.355,1.3328,0.82,0.35,103.62,0.0,0.0
32977,2.3741,1.4961,0.0,0.14,40.2,0.734449,0.0
28382,19.264,1.3776,0.33,0.56,30.13,0.0,0.0
16534,20.493,1.3588,0.04,0.49,33.77,0.0,0.0
9878,24.852,1.3611,0.37,0.48,31.62,0.0,0.0
43442,37.219,1.4305,0.0,0.74,49.56,0.0,0.0
43043,37.219,1.4305,0.0,0.74,49.56,0.0,0.0
39460,78.355,1.3328,0.82,0.35,103.62,0.0,0.0
384,32.613,1.3288,0.43,0.47,31.77,0.0,0.0
23734,5.9867,1.3723,0.0,0.45,33.67,0.0,0.0
12740,20.524,1.385,0.37,0.48,33.57,0.0,0.0
13508,17.332,1.3993,0.37,0.48,35.88,0.0,0.0
21175,5.9867,1.3723,0.0,0.45,33.67,0.0,0.0
14726,17.332,1.3993,0.37,0.48,35.88,0.0,0.0
43958,37.219,1.4305,0.0,0.74,49.56,0.0,0.0
6179,24.852,1.3611,0.37,0.48,31.62,0.0,0.0
24270,35.688,1.3442,0.07,0.32,41.25,0.0,0.0
13324,20.524,1.385,0.37,0.48,33.57,0.0,0.0
41263,78.355,1.3328,0.82,0.35,103.62,0.0,0.0
47180,6.8615,1.3614,0.0,0.45,35.59,0.0,0.0
42477,37.219,1.4305,0.0,0.74,49.56,0.0,0.0
4749,24.852,1.3611,0.37,0.48,31.62,0.0,0.0
35747,7.4257,1.405,0.0,0.48,39.44,0.0,0.0
1399,32.613,1.3288,0.43,0.47,31.77,0.0,0.0
10089,20.524,1.385,0.37,0.48,33.57,0.0,0.0
25020,35.688,1.3442,0.07,0.32,41.25,0.0,0.0
4294,32.613,1.3288,0.43,0.47,31.77,0.0,0.0
247,32.613,1.3288,0.43,0.47,31.77,0.0,0.0
15131,17.332,1.3993,0.37,0.48,35.88,0.0,0.0
42083,78.355,1.3328,0.82,0.35,103.62,0.0,0.0
4132,32.613,1.3288,0.43,0.47,31.77,0.0,0.0
272,32.613,1.3288,0.43,0.47,31.77,0.0,0.0
13893,17.332,1.3993,0.37,0.48,35.88,0.0,0.0
30421,19.264,1.3776,0.33,0.56,30.13,0.0,0.0
26835,35.688,1.3442,0.07,0.32,41.25,0.0,0.0
156,32.613,1.3288,0.43,0.47,31.77,0.0,0.0
26297,35.688,1.3442,0.07,0.32,41.25,0.0,0.0
39570,78.355,1.3328,0.82,0.35,103.62,0.0,0.0
39501,78.355,1.3328,0.82,0.35,103.62,0.0,0.0
22969,5.9867,1.3723,0.0,0.45,33.67,0.0,0.0
43432,37.219,1.4305,0.0,0.74,49.56,0.0,0.0
29940,19.264,1.3776,0.33,0.56,30.13,0.0,0.0
34285,16.777,1.3955,0.37,0.48,32.38,0.0,0.0
27495,19.264,1.3776,0.33,0.56,30.13,0.0,0.0
33739,16.777,1.3955,0.37,0.48,32.38,0.0,0.0
38218,2.2099,1.4224,0.0,0.64,47.14,0.0,0.0
3224,32.613,1.3288,0.43,0.47,31.77,0.0,0.0
4856,24.852,1.3611,0.37,0.48,31.62,0.0,0.0
3697,32.613,1.3288,0.43,0.47,31.77,0.0,0.0
27803,19.264,1.3776,0.33,0.56,30.13,0.0,0.0
40835,78.355,1.3328,0.82,0.35,103.62,0.0,0.0
1092,32.613,1.3288,0.43,0.47,31.77,0.0,0.0
42607,37.219,1.4305,0.0,0.74,49.56,0.0,0.0
25042,35.688,1.3442,0.07,0.32,41.25,0.0,0.0
8339,24.852,1.3611,0.37,0.48,31.62,0.0,0.0
42442,37.219,1.4305,0.0,0.74,49.56,0.0,0.0
3568,32.613,1.3288,0.43,0.47,31.77,0.0,0.0
4275,32.613,1.3288,0.43,0.47,31.77,0.0,0.0
38099,2.2099,1.4224,0.0,0.64,47.14,0.0,0.0
3077,32.613,1.3288,0.43,0.47,31.77,0.0,0.0
26355,35.688,1.3442,0.07,0.32,41.25,0.0,0.0
48533,1.8819,1.3749,0.0,0.0,25.75,0.0,0.0
19479,20.493,1.3588,0.04,0.49,33.77,0.0,0.0
37988,2.2099,1.4224,0.0,0.64,47.14,0.0,0.0
40479,78.355,1.3328,0.82,0.35,103.62,0.0,0.0
9055,24.852,1.3611,0.37,0.48,31.62,0.0,0.0
1679,32.613,1.3288,0.43,0.47,31.77,0.0,0.0
28845,19.264,1.3776,0.33,0.56,30.13,0.0,0.0
9506,24.852,1.3611,0.37,0.48,31.62,0.0,0.0
19360,20.493,1.3588,0.04,0.49,33.77,0.0,0.0
23377,5.9867,1.3723,0.0,0.45,33.67,0.0,0.0
43574,37.219,1.4305,0.0,0.74,49.56,0.0,0.0
45527,2.0165,1.4266,0.0,0.0,35.48,0.0,0.0
42980,37.219,1.4305,0.0,0.74,49.56,0.0,0.0
16076,17.332,1.3993,0.37,0.48,35.88,0.0,0.0
48546,1.8819,1.3749,0.0,0.0,25.75,0.0,0.0
29862,19.264,1.3776,0.33,0.56,30.13,0.0,0.0
27300,19.264,1.3776,0.33,0.56,30.13,0.0,0.0
35902,7.4257,1.405,0.0,0.48,39.44,0.0,0.0
47370,6.8615,1.3614,0.0,0.45,35.59,0.0,0.0
18676,20.493,1.3588,0.04,0.49,33.77,0.0,0.0
2502,32.613,1.3288,0.43,0.47,31.77,0.0,0.0
25196,35.688,1.3442,0.07,0.32,41.25,0.0,0.0
34930,15.13,1.4101,0.37,0.48,36.5,0.0,0.0
4809,24.852,1.3611,0.37,0.48,31.62,0.0,0.0
513,32.613,1.3288,0.43,0.47,31.77,0.0,0.0
34443,16.777,1.3955,0.37,0.48,32.38,0.0,0.0
47001,6.8615,1.3614,0.0,0.45,35.59,0.0,0.0
38107,2.2099,1.4224,0.0,0.64,47.14,0.0,0.0
3490,32.613,1.3288,0.43,0.47,31.77,0.0,0.0
15283,17.332,1.3993,0.37,0.48,35.88,0.0,0.0
49788,4.7113,1.4459,0.15,0.02,38.39,0.0,0.5625
37250,15.944,1.3978,0.33,0.56,32.44,0.0,0.0
118,32.613,1.3288,0.43,0.47,31.77,0.0,0.0
30095,19.264,1.3776,0.33,0.56,30.13,0.0,0.0
33925,16.777,1.3955,0.37,0.48,32.38,0.0,0.0
43710,37.219,1.4305,0.0,0.74,49.56,0.0,0.0
35262,15.13,1.4101,0.37,0.48,36.5,0.0,0.0
17085,20.493,1.3588,0.04,0.49,33.77,0.0,0.0
9067,24.852,1.3611,0.37,0.48,31.62,0.0,0.0
32479,2.3741,1.4961,0.0,0.14,40.2,0.734449,0.0
17316,20.493,1.3588,0.04,0.49,33.77,0.0,0.0
5646,24.852,1.3611,0.37,0.48,31.62,0.0,0.0
43306,37.219,1.4305,0.0,0.74,49.56,0.0,0.0
27588,19.264,1.3776,0.33,0.56,30.13,0.0,0.0
12338,20.524,1.385,0.37,0.48,33.57,0.0,0.0
18815,20.493,1.3588,0.04,0.49,33.77,0.0,0.0
20351,5.9867,1.3723,0.0,0.45,33.67,0.0,0.0
35330,15.13,1.4101,0.37,0.48,36.5,0.0,0.0
18471,20.493,1.3588,0.04,0.49,33.77,0.0,0.0
10055,20.524,1.385,0.37,0.48,33.57,0.0,0.0
21386,5.9867,1.3723,0.0,0.45,33.67,0.0,0.0
7613,24.852,1.3611,0.37,0.48,31.62,0.0,0.0
28973,19.264,1.3776,0.33,0.56,30.13,0.0,0.0
19330,20.493,1.3588,0.04,0.49,33.77,0.0,0.0
28314,19.264,1.3776,0.33,0.56,30.13,0.0,0.0
36242,18.246,1.3788,0.0,0.51,34.5,0.0,0.0
31896,2.3741,1.4961,0.0,0.14,40.2,0.734449,0.0
49578,4.7113,1.4459,0.15,0.02,38.39,0.0,0.5625
16417,17.332,1.3993,0.37,0.48,35.88,0.0,0.0
14218,17.332,1.3993,0.37,0.48,35.88,0.0,0.0
44842,40.245,1.4318,0.58,0.78,69.07,0.0,0.0
34897,15.13,1.4101,0.37,0.48,36.5,0.0,0.0
39681,78.355,1.3328,0.82,0.35,103.62,0.0,0.0
4773,24.852,1.3611,0.37,0.48,31.62,0.0,0.0
27608,19.264,1.3776,0.33,0.56,30.13,0.0,0.0
3611,32.613,1.3288,0.43,0.47,31.77,0.0,0.0
28606,19.264,1.3776,0.33,0.56,30.13,0.0,0.0
6297,24.852,1.3611,0.37,0.48,31.62,0.0,0.0
41401,78.355,1.3328,0.82,0.35,103.62,0.0,0.0
15028,17.332,1.3993,0.37,0.48,35.88,0.0,0.0
30186,19.264,1.3776,0.33,0.56,30.13,0.0,0.0
39059,78.355,1.3328,0.82,0.35,103.62,0.0,0.0
45773,2.0165,1.4266,0.0,0.0,35.48,0.0,0.0
9028,24.852,1.3611,0.37,0.48,31.62,0.0,0.0
41704,78.355,1.3328,0.82,0.35,103.62,0.0,0.0
47459,6.8615,1.3614,0.0,0.45,35.59,0.0,0.0
28491,19.264,1.3776,0.33,0.56,30.13,0.0,0.0
32534,2.3741,1.4961,0.0,0.14,40.2,0.734449,0.0
14718,17.332,1.3993,0.37,0.48,35.88,0.0,0.0
11337,20.524,1.385,0.37,0.48,33.57,0.0,0.0
13627,17.332,1.3993,0.37,0.48,35.88,0.0,0.0
17990,20.493,1.3588,0.04,0.49,33.77,0.0,0.0
20426,5.9867,1.3723,0.0,0.45,33.67,0.0,0.0
4314,32.613,1.3288,0.43,0.47,31.77,0.0,0.0
10654,20.524,1.385,0.37,0.48,33.57,0.0,0.0
41732,78.355,1.3328,0.82,0.35,103.62,0.0,0.0
17588,20.493,1.3588,0.04,0.49,33.77,0.0,0.0
11457,20.524,1.385,0.37,0.48,33.57,0.0,0.0
16653,20.493,1.3588,0.04,0.49,33.77,0.0,0.0
4609,24.852,1.3611,0.37,0.48,31.62,0.0,0.0
17201,20.493,1.3588,0.04,0.49,33.77,0.0,0.0
31073,9.8629,1.4295,0.37,0.48,39.01,0.0,0.0
47410,6.8615,1.3614,0.0,0.45,35.59,0.0,0.0
8257,24.852,1.3611,0.37,0.48,31.62,0.0,0.0
36659,18.246,1.3788,0.0,0.51,34.5,0.0,0.0
33970,16.777,1.3955,0.37,0.48,32.38,0.0,0.0
7564,24.852,1.3611,0.37,0.48,31.62,0.0,0.0
24836,35.688,1.3442,0.07,0.32,41.25,0.0,0.0
35349,15.13,1.4101,0.37,0.48,36.5,0.0,0.0
16686,20.493,1.3588,0.04,0.49,33.77,0.0,0.0
30216,19.264,1.3776,0.33,0.56,30.13,0.0,0.0
26099,35.688,1.3442,0.07,0.32,41.25,0.0,0.0
48709,1.8819,1.3749,0.0,0.0,25.75,0.0,0.0
3037,32.613,1.3288,0.43,0.47,31.77,0.0,0.0
20010,5.9867,1.3723,0.0,0.45,33.67,0.0,0.0
11669,20.524,1.385,0.37,0.48,33.57,0.0,0.0
9541,24.852,1.3611,0.37,0.48,31.62,0.0,0.0
10353,20.524,1.385,0.37,0.48,33.57,0.0,0.0
11028,20.524,1.385,0.37,0.48,33.57,0.0,0.0
2763,32.613,1.3288,0.43,0.47,31.77,0.0,0.0
37319,15.944,1.3978,0.33,0.56,32.44,0.0,0.0
10406,20.524,1.385,0.37,0.48,33.57,0.0,0.0
14813,17.332,1.3993,0.37,0.48,35.88,0.0,0.0
31389,9.8629,1.4295,0.37,0.48,39.01,0.0,0.0
20721,5.9867,1.3723,0.0,0.45,33.67,0.0,0.0
21913,5.9867,1.3723,0.0,0.45,33.67,0.0,0.0
3388,32.613,1.3288,0.43,0.47,31.77,0.0,0.0
11651,20.524,1.385,0.37,0.48,33.57,0.0,0.0
14932,17.332,1.3993,0.37,0.48,35.88,0.0,0.0
35208,15.13,1.4101,0.37,0.48,36.5,0.0,0.0
19109,20.493,1.3588,0.04,0.49,33.77,0.0,0.0
33631,16.777,1.3955,0.37,0.48,32.38,0.0,0.0
42734,37.219,1.4305,0.0,0.74,49.56,0.0,0.0
32118,2.3741,1.4961,0.0,0.14,40.2,0.734449,0.0
37131,15.944,1.3978,0.33,0.56,32.44,0.0,0.0
43597,37.219,1.4305,0.0,0.74,49.56,0.0,0.0
16770,20.493,1.3588,0.04,0.49,33.77,0.0,0.0
2219,32.613,1.3288,0.43,0.47,31.77,0.0,0.0
30108,19.264,1.3776,0.33,0.56,30.13,0.0,0.0
4976,24.852,1.3611,0.37,0.48,31.62,0.0,0.0
12512,20.524,1.385,0.37,0.48,33.57,0.0,0.0
17384,20.493,1.3588,0.04,0.49,33.77,0.0,0.0
5039,24.852,1.3611,0.37,0.48,31.62,0.0,0.0
4444,24.852,1.3611,0.37,0.48,31.62,0.0,0.0
28537,19.264,1.3776,0.33,0.56,30.13,0.0,0.0
9319,24.852,1.3611,0.37,0.48,31.62,0.0,0.0
5510,24.852,1.3611,0.37,0.48,31.62,0.0,0.0
13274,20.524,1.385,0.37,0.48,33.57,0.0,0.0
15882,17.332,1.3993,0.37,0.48,35.88,0.0,0.0
3138,32.613,1.3288,0.43,0.47,31.77,0.0,0.0
4556,24.852,1.3611,0.37,0.48,31.62,0.0,0.0
34427,16.777,1.3955,0.37,0.48,32.38,0.0,0.0
26968,35.688,1.3442,0.07,0.32,41.25,0.0,0.0
16243,17.332,1.3993,0.37,0.48,35.88,0.0,0.0
41621,78.355,1.3328,0.82,0.35,103.62,0.0,0.0
33841,16.777,1.3955,0.37,0.48,32.38,0.0,0.0
23883,8.93,1.4242,0.1,0.05,39.15,0.0,0.444889
17495,20.493,1.3588,0.04,0.49,33.77,0.0,0.0
325,32.613,1.3288,0.43,0.47,31.77,0.0,0.0
21289,5.9867,1.3723,0.0,0.45,33.67,0.0,0.0
39203,78.355,1.3328,0.82,0.35,103.62,0.0,0.0
42207,5.5205,1.3842,0.0,0.45,34.26,0.0,0.0
24710,35.688,1.3442,0.07,0.32,41.25,0.0,0.0
28994,19.264,1.3776,0.33,0.56,30.13,0.0,0.0
45397,2.0165,1.4266,0.0,0.0,35.48,0.0,0.0
11248,20.524,1.385,0.37,0.48,33.57,0.0,0.0
11112,20.524,1.385,0.37,0.48,33.57,0.0,0.0
16661,20.493,1.3588,0.04,0.49,33.77,0.0,0.0
8279,24.852,1.3611,0.37,0.48,31.62,0.0,0.0
24042,8.93,1.4242,0.1,0.05,39.15,0.0,0.444889
41321,78.355,1.3328,0.82,0.35,103.62,0.0,0.0
10281,20.524,1.385,0.37,0.48,33.57,0.0,0.0
37215,15.944,1.3978,0.33,0.56,32.44,0.0,0.0
18145,20.493,1.3588,0.04,0.49,33.77,0.0,0.0
49852,4.7113,1.4459,0.15,0.02,38.39,0.0,0.5625
24130,8.93,1.4242,0.1,0.05,39.15,0.0,0.444889
16125,17.332,1.3993,0.37,0.48,35.88,0.0,0.0
34834,15.13,1.4101,0.37,0.48,36.5,0.0,0.0
39369,78.355,1.3328,0.82,0.35,103.62,0.0,0.0
550,32.613,1.3288,0.43,0.47,31.77,0.0,0.0
20704,5.9867,1.3723,0.0,0.45,33.67,0.0,0.0
36331,18.246,1.3788,0.0,0.51,34.5,0.0,0.0
12878,20.524,1.385,0.37,0.48,33.57,0.0,0.0
8454,24.852,1.3611,0.37,0.48,31.62,0.0,0.0
4668,24.852,1.3611,0.37,0.48,31.62,0.0,0.0
13463,17.332,1.3993,0.37,0.48,35.88,0.0,0.0
23109,5.9867,1.3723,0.0,0.45,33.67,0.0,0.0
16184,17.332,1.3993,0.37,0.48,35.88,0.0,0.0
45743,2.0165,1.4266,0.0,0.0,35.48,0.0,0.0
42409,5.5205,1.3842,0.0,0.45,34.26,0.0,0.0
39960,78.355,1.3328,0.82,0.35,103.62,0.0,0.0
48719,1.8819,1.3749,0.0,0.0,25.75,0.0,0.0
21108,5.9867,1.3723,0.0,0.45,33.67,0.0,0.0
9089,24.852,1.3611,0.37,0.48,31.62,0.0,0.0
42451,37.219,1.4305,0.0,0.74,49.56,0.0,0.0
24556,35.688,1.3442,0.07,0.32,41.25,0.0,0.0
45444,2.0165,1.4266,0.0,0.0,35.48,0.0,0.0
43507,37.219,1.4305,0.0,0.74,49.56,0.0,0.0
39640,78.355,1.3328,0.82,0.35,103.62,0.0,0.0
29959,19.264,1.3776,0.33,0.56,30.13,0.0,0.0
3604,32.613,1.3288,0.43,0.47,31.77,0.0,0.0
4984,24.852,1.3611,0.37,0.48,31.62,0.0,0.0
24360,35.688,1.3442,0.07,0.32,41.25,0.0,0.0
16314,17.332,1.3993,0.37,0.48,35.88,0.0,0.0
27127,19.264,1.3776,0.33,0.56,30.13,0.0,0.0
23332,5.9867,1.3723,0.0,0.45,33.67,0.0,0.0
8731,24.852,1.3611,0.37,0.48,31.62,0.0,0.0
47742,4.9941,1.3941,0.0,0.45,35.81,0.0,0.0
32203,2.3741,1.4961,0.0,0.14,40.2,0.734449,0.0
33797,16.777,1.3955,0.37,0.48,32.38,0.0,0.0
24475,35.688,1.3442,0.07,0.32,41.25,0.0,0.0
17706,20.493,1.3588,0.04,0.49,33.77,0.0,0.0
23208,5.9867,1.3723,0.0,0.45,33.67,0.0,0.0
42741,37.219,1.4305,0.0,0.74,49.56,0.0,0.0
27965,19.264,1.3776,0.33,0.56,30.13,0.0,0.0
41696,78.355,1.3328,0.82,0.35,103.62,0.0,0.0
17064,20.493,1.3588,0.04,0.49,33.77,0.0,0.0
20456,5.9867,1.3723,0.0,0.45,33.67,0.0,0.0
41531,78.355,1.3328,0.82,0.35,103.62,0.0,0.0
11818,20.524,1.385,0.37,0.48,33.57,0.0,0.0
46746,2.2706,1.5011,0.0,0.14,40.62,1.0,0.0
45418,2.0165,1.4266,0.0,0.0,35.48,0.0,0.0
7236,24.852,1.3611,0.37,0.48,31.62,0.0,0.0
37641,15.944,1.3978,0.33,0.56,32.44,0.0,0.0
40912,78.355,1.3328,0.82,0.35,103.62,0.0,0.0
34091,16.777,1.3955,0.37,0.48,32.38,0.0,0.0
33579,2.3741,1.4961,0.0,0.14,40.2,0.734449,0.0
13482,17.332,1.3993,0.37,0.48,35.88,0.0,0.0
29568,19.264,1.3776,0.33,0.56,30.13,0.0,0.0
48759,1.8819,1.3749,0.0,0.0,25.75,0.0,0.0
21560,5.9867,1.3723,0.0,0.45,33.67,0.0,0.0
20215,5.9867,1.3723,0.0,0.45,33.67,0.0,0.0
4060,32.613,1.3288,0.43,0.47,31.77,0.0,0.0
31968,2.3741,1.4961,0.0,0.14,40.2,0.734449,0.0
6693,24.852,1.3611,0.37,0.48,31.62,0.0,0.0
1445,32.613,1.3288,0.43,0.47,31.77,0.0,0.0
4728,24.852,1.3611,0.37,0.48,31.62,0.0,0.0
19654,20.493,1.3588,0.04,0.49,33.77,0.0,0.0
24917,35.688,1.3442,0.07,0.32,41.25,0.0,0.0
26364,35.688,1.3442,0.07,0.32,41.25,0.0,0.0
41076,78.355,1.3328,0.82,0.35,103.62,0.0,0.0
38273,2.2099,1.4224,0.0,0.64,47.14,0.0,0.0
5954,24.852,1.3611,0.37,0.48,31.62,0.0,0.0
20904,5.9867,1.3723,0.0,0.45,33.67,0.0,0.0
30796,19.264,1.3776,0.33,0.56,30.13,0.0,0.0
37292,15.944,1.3978,0.33,0.56,32.44,0.0,0.0
44646,40.245,1.4318,0.58,0.78,69.07,0.0,0.0
23898,8.93,1.4242,0.1,0.05,39.15,0.0,0.444889
51289,10.125,1.4448,0.1,0.11,45.86,0.0,0.25
5266,24.852,1.3611,0.37,0.48,31.62,0.0,0.0
30149,19.264,1.3776,0.33,0.56,30.13,0.0,0.0
14571,17.332,1.3993,0.37,0.48,35.88,0.0,0.0
23494,5.9867,1.3723,0.0,0.45,33.67,0.0,0.0
27241,19.264,1.3776,0.33,0.56,30.13,0.0,0.0
16622,20.493,1.3588,0.04,0.49,33.77,0.0,0.0
36600,18.246,1.3788,0.0,0.51,34.5,0.0,0.0
5845,24.852,1.3611,0.37,0.48,31.62,0.0,0.0
27330,19.264,1.3776,0.33,0.56,30.13,0.0,0.0
43462,37.219,1.4305,0.0,0.74,49.56,0.0,0.0
2823,32.613,1.3288,0.43,0.47,31.77,0.0,0.0
29443,19.264,1.3776,0.33,0.56,30.13,0.0,0.0
12787,20.524,1.385,0.37,0.48,33.57,0.0,0.0
24897,35.688,1.3442,0.07,0.32,41.25,0.0,0.0
24520,35.688,1.3442,0.07,0.32,41.25,0.0,0.0
21004,5.9867,1.3723,0.0,0.45,33.67,0.0,0.0
2538,32.613,1.3288,0.43,0.47,31.77,0.0,0.0
6194,24.852,1.3611,0.37,0.48,31.62,0.0,0.0
36255,18.246,1.3788,0.0,0.51,34.5,0.0,0.0
28343,19.264,1.3776,0.33,0.56,30.13,0.0,0.0
42298,5.5205,1.3842,0.0,0.45,34.26,0.0,0.0
4901,24.852,1.3611,0.37,0.48,31.62,0.0,0.0
10819,20.524,1.385,0.37,0.48,33.57,0.0,0.0
4538,24.852,1.3611,0.37,0.48,31.62,0.0,0.0
27417,19.264,1.3776,0.33,0.56,30.13,0.0,0.0
49311,8.331,1.3599,0.0,0.38,33.36,0.0,0.0
