,SP,SdP,SA,SB
39434,0.681,0.997,1.062,0.025
41967,0.681,0.997,1.062,0.025
14651,0.674,0.655,0.341,0.809
3156,0.608,0.904,0.605,0.545
49631,0.783,0.614,0.047,0.071
30727,0.633,0.808,0.283,0.83
30981,0.633,0.808,0.283,0.83
47518,0.645,0.637,0.0,0.527
41429,0.681,0.997,1.062,0.025
33097,0.782,0.284,0.0,0.128
33886,0.657,0.684,0.311,0.828
34610,0.657,0.684,0.311,0.828
42391,0.67,0.559,0.0,0.548
19504,0.651,0.907,0.0,0.475
20094,0.656,0.603,0.0,0.542
8550,0.633,0.783,0.4,0.658
21686,0.656,0.603,0.0,0.542
27180,0.633,0.808,0.283,0.83
211,0.608,0.904,0.605,0.545
3148,0.608,0.904,0.605,0.545
26401,0.645,0.974,0.044,0.286
16187,0.674,0.655,0.341,0.809
41445,0.681,0.997,1.062,0.025
16721,0.651,0.907,0.0,0.475
965,0.608,0.904,0.605,0.545
40698,0.681,0.997,1.062,0.025
43661,0.759,0.977,0.031,0.613
27568,0.633,0.808,0.283,0.83
9515,0.633,0.783,0.4,0.658
43547,0.759,0.977,0.031,0.613
7378,0.633,0.783,0.4,0.658
31351,0.713,0.454,0.299,0.923
2048,0.608,0.904,0.605,0.545
20102,0.656,0.603,0.0,0.542
29420,0.633,0.808,0.283,0.83
18008,0.651,0.907,0.0,0.475
37371,0.656,0.706,0.221,0.888
4834,0.633,0.783,0.4,0.658
30325,0.633,0.808,0.283,0.83
35079,0.687,0.587,0.319,0.86
41858,0.681,0.997,1.062,0.025
37717,0.656,0.706,0.221,0.888
10198,0.658,0.748,0.367,0.782
15853,0.674,0.655,0.341,0.809
20330,0.656,0.603,0.0,0.542
22886,0.656,0.603,0.0,0.542
6141,0.633,0.783,0.4,0.658
47577,0.645,0.637,0.0,0.527
25008,0.645,0.974,0.044,0.286
2617,0.608,0.904,0.605,0.545
18902,0.651,0.907,0.0,0.475
13594,0.674,0.655,0.341,0.809
8898,0.633,0.783,0.4,0.658
47284,0.645,0.637,0.0,0.527
16304,0.674,0.655,0.341,0.809
4690,0.633,0.783,0.4,0.658
6472,0.633,0.783,0.4,0.658
28701,0.633,0.808,0.283,0.83
28225,0.633,0.808,0.283,0.83
30234,0.633,0.808,0.283,0.83
26920,0.645,0.974,0.044,0.286
27723,0.633,0.808,0.283,0.83
27083,0.633,0.808,0.283,0.83
46660,0.768,0.0,0.0,0.044
37329,0.656,0.706,0.221,0.888
359,0.608,0.904,0.605,0.545
8500,0.633,0.783,0.4,0.658
17569,0.651,0.907,0.0,0.475
17034,0.651,0.907,0.0,0.475
16883,0.651,0.907,0.0,0.475
47044,0.645,0.637,0.0,0.527
33817,0.657,0.684,0.311,0.828
35895,0.714,0.634,0.0,0.591
10499,0.658,0.748,0.367,0.782
9650,0.633,0.783,0.4,0.658
46485,0.617,0.385,0.0,0.562
44902,0.777,0.91,0.717,0.534
1128,0.608,0.904,0.605,0.545
12434,0.658,0.748,0.367,0.782
1158,0.608,0.904,0.605,0.545
44785,0.777,0.91,0.717,0.534
45020,0.777,0.91,0.717,0.534
10310,0.658,0.748,0.367,0.782
40687,0.681,0.997,1.062,0.025
35281,0.687,0.587,0.319,0.86
35568,0.714,0.634,0.0,0.591
38079,0.737,0.312,0.0,0.444
10099,0.658,0.748,0.367,0.782
28170,0.633,0.808,0.283,0.83
6912,0.633,0.783,0.4,0.658
35431,0.687,0.587,0.319,0.86
19949,0.651,0.907,0.0,0.475
20082,0.656,0.603,0.0,0.542
1758,0.608,0.904,0.605,0.545
18081,0.651,0.907,0.0,0.475
3471,0.608,0.904,0.605,0.545
16440,0.674,0.655,0.341,0.809
52426,0.698,0.552,0.315,0.879
47016,0.645,0.637,0.0,0.527
1139,0.608,0.904,0.605,0.545
36668,0.669,0.872,0.0,0.52
1353,0.608,0.904,0.605,0.545
26033,0.645,0.974,0.044,0.286
36291,0.669,0.872,0.0,0.52
7211,0.633,0.783,0.4,0.658
45117,0.777,0.91,0.717,0.534
7696,0.633,0.783,0.4,0.658
38898,0.737,0.312,0.0,0.444
45464,0.683,0.0,0.0,0.073
36272,0.669,0.872,0.0,0.52
13684,0.674,0.655,0.341,0.809
38433,0.737,0.312,0.0,0.444
47027,0.645,0.637,0.0,0.527
20891,0.656,0.603,0.0,0.542
36408,0.669,0.872,0.0,0.52
15259,0.674,0.655,0.341,0.809
16888,0.651,0.907,0.0,0.475
1247,0.608,0.904,0.605,0.545
27208,0.633,0.808,0.283,0.83
16642,0.651,0.907,0.0,0.475
14317,0.674,0.655,0.341,0.809
48734,0.616,0.0,0.0,0.056
11220,0.658,0.748,0.367,0.782
16730,0.651,0.907,0.0,0.475
26615,0.645,0.974,0.044,0.286
26844,0.645,0.974,0.044,0.286
25300,0.645,0.974,0.044,0.286
36312,0.669,0.872,0.0,0.52
24280,0.645,0.974,0.044,0.286
24448,0.645,0.974,0.044,0.286
49460,0.783,0.614,0.047,0.071
21460,0.656,0.603,0.0,0.542
38129,0.737,0.312,0.0,0.444
23591,0.656,0.603,0.0,0.542
13646,0.674,0.655,0.341,0.809
39895,0.681,0.997,1.062,0.025
24623,0.645,0.974,0.044,0.286
13674,0.674,0.655,0.341,0.809
41918,0.681,0.997,1.062,0.025
47064,0.645,0.637,0.0,0.527
5255,0.633,0.783,0.4,0.658
36015,0.714,0.634,0.0,0.591
20664,0.656,0.603,0.0,0.542
23873,0.761,0.769,0.04,0.178
22556,0.656,0.603,0.0,0.542
49259,0.648,0.707,0.0,0.477
24727,0.645,0.974,0.044,0.286
722,0.608,0.904,0.605,0.545
9800,0.633,0.783,0.4,0.658
47586,0.645,0.637,0.0,0.527
31602,0.766,0.745,0.0,0.482
10595,0.658,0.748,0.367,0.782
38627,0.737,0.312,0.0,0.444
21671,0.656,0.603,0.0,0.542
16580,0.651,0.907,0.0,0.475
48639,0.616,0.0,0.0,0.056
47257,0.645,0.637,0.0,0.527
45098,0.777,0.91,0.717,0.534
24156,0.761,0.769,0.04,0.178
41233,0.681,0.997,1.062,0.025
10455,0.658,0.748,0.367,0.782
5011,0.633,0.783,0.4,0.658
33090,0.782,0.284,0.0,0.128
9406,0.633,0.783,0.4,0.658
23913,0.761,0.769,0.04,0.178
20500,0.656,0.603,0.0,0.542
14115,0.674,0.655,0.341,0.809
25339,0.645,0.974,0.044,0.286
33758,0.657,0.684,0.311,0.828
8403,0.633,0.783,0.4,0.658
8888,0.633,0.783,0.4,0.658
4475,0.633,0.783,0.4,0.658
52932,0.593,0.0,0.0,0.073
5193,0.633,0.783,0.4,0.658
27550,0.633,0.808,0.283,0.83
49798,0.783,0.614,0.047,0.071
49398,0.783,0.614,0.047,0.071
34209,0.657,0.684,0.311,0.828
19192,0.651,0.907,0.0,0.475
8289,0.633,0.783,0.4,0.658
22177,0.656,0.603,0.0,0.542
25407,0.645,0.974,0.044,0.286
10046,0.658,0.748,0.367,0.782
696,0.608,0.904,0.605,0.545
42171,0.681,0.997,1.062,0.025
16831,0.651,0.907,0.0,0.475
15928,0.674,0.655,0.341,0.809
12938,0.658,0.748,0.367,0.782
28946,0.633,0.808,0.283,0.83
1527,0.608,0.904,0.605,0.545
18164,0.651,0.907,0.0,0.475
26336,0.645,0.974,0.044,0.286
36557,0.669,0.872,0.0,0.52
8567,0.633,0.783,0.4,0.658
21269,0.656,0.603,0.0,0.542
47083,0.645,0.637,0.0,0.527
35616,0.714,0.634,0.0,0.591
23482,0.656,0.603,0.0,0.542
42990,0.759,0.977,0.031,0.613
6675,0.633,0.783,0.4,0.658
20133,0.656,0.603,0.0,0.542
44925,0.777,0.91,0.717,0.534
52408,0.698,0.552,0.315,0.879
39582,0.681,0.997,1.062,0.025
31172,0.713,0.454,0.299,0.923
31206,0.713,0.454,0.299,0.923
1408,0.608,0.904,0.605,0.545
11663,0.658,0.748,0.367,0.782
38293,0.737,0.312,0.0,0.444
38994,0.737,0.312,0.0,0.444
14486,0.674,0.655,0.341,0.809
5748,0.633,0.783,0.4,0.658
24413,0.645,0.974,0.044,0.286
20730,0.656,0.603,0.0,0.542
37259,0.656,0.706,0.221,0.888
31276,0.713,0.454,0.299,0.923
64,0.608,0.904,0.605,0.545
39187,0.681,0.997,1.062,0.025
5791,0.633,0.783,0.4,0.658
31343,0.713,0.454,0.299,0.923
11211,0.658,0.748,0.367,0.782
36371,0.669,0.872,0.0,0.52
32212,0.782,0.284,0.0,0.128
48045,0.632,0.732,0.145,0.928
4349,0.608,0.904,0.605,0.545
16068,0.674,0.655,0.341,0.809
25854,0.645,0.974,0.044,0.286
38981,0.737,0.312,0.0,0.444
9962,0.633,0.783,0.4,0.658
31334,0.713,0.454,0.299,0.923
12705,0.658,0.748,0.367,0.782
23521,0.656,0.603,0.0,0.542
37363,0.656,0.706,0.221,0.888
5943,0.633,0.783,0.4,0.658
13819,0.674,0.655,0.341,0.809
48009,0.674,0.535,0.0,0.525
43485,0.759,0.977,0.031,0.613
1256,0.608,0.904,0.605,0.545
47109,0.645,0.637,0.0,0.527
44657,0.777,0.91,0.717,0.534
47132,0.645,0.637,0.0,0.527
36093,0.714,0.634,0.0,0.591
5440,0.633,0.783,0.4,0.658
3047,0.608,0.904,0.605,0.545
23037,0.656,0.603,0.0,0.542
47095,0.645,0.637,0.0,0.527
27754,0.633,0.808,0.283,0.83
851,0.608,0.904,0.605,0.545
44677,0.777,0.91,0.717,0.534
52938,0.593,0.0,0.0,0.073
31950,0.782,0.284,0.0,0.128
13747,0.674,0.655,0.341,0.809
10331,0.658,0.748,0.367,0.782
35252,0.687,0.587,0.319,0.86
32268,0.782,0.284,0.0,0.128
38612,0.737,0.312,0.0,0.444
38706,0.737,0.312,0.0,0.444
9531,0.633,0.783,0.4,0.658
24289,0.645,0.974,0.044,0.286
21620,0.656,0.603,0.0,0.542
37899,0.737,0.312,0.0,0.444
45840,0.683,0.0,0.0,0.073
7844,0.633,0.783,0.4,0.658
8774,0.633,0.783,0.4,0.658
10036,0.658,0.748,0.367,0.782
23600,0.656,0.603,0.0,0.542
27674,0.633,0.808,0.283,0.83
43929,0.759,0.977,0.031,0.613
28450,0.633,0.808,0.283,0.83
34319,0.657,0.684,0.311,0.828
37912,0.737,0.312,0.0,0.444
24324,0.645,0.974,0.044,0.286
30809,0.633,0.808,0.283,0.83
20393,0.656,0.603,0.0,0.542
42096,0.681,0.997,1.062,0.025
38364,0.737,0.312,0.0,0.444
41381,0.681,0.997,1.062,0.025
5148,0.633,0.783,0.4,0.658
45167,0.683,0.0,0.0,0.073
14182,0.674,0.655,0.341,0.809
42234,0.67,0.559,0.0,0.548
12463,0.658,0.748,0.367,0.782
45244,0.683,0.0,0.0,0.073
13776,0.674,0.655,0.341,0.809
26806,0.645,0.974,0.044,0.286
22585,0.656,0.603,0.0,0.542
27375,0.633,0.808,0.283,0.83
49624,0.783,0.614,0.047,0.071
8212,0.633,0.783,0.4,0.658
27911,0.633,0.808,0.283,0.83
19829,0.651,0.907,0.0,0.475
40709,0.681,0.997,1.062,0.025
34080,0.657,0.684,0.311,0.828
30669,0.633,0.808,0.283,0.83
31796,0.766,0.745,0.0,0.482
148,0.608,0.904,0.605,0.545
16735,0.651,0.907,0.0,0.475
11091,0.658,0.748,0.367,0.782
42254,0.67,0.559,0.0,0.548
31923,0.782,0.284,0.0,0.128
20112,0.656,0.603,0.0,0.542
713,0.608,0.904,0.605,0.545
13882,0.674,0.655,0.341,0.809
21489,0.656,0.603,0.0,0.542
23067,0.656,0.603,0.0,0.542
16779,0.651,0.907,0.0,0.475
9356,0.633,0.783,0.4,0.658
40180,0.681,0.997,1.062,0.025
43832,0.759,0.977,0.031,0.613
47189,0.645,0.637,0.0,0.527
14464,0.674,0.655,0.341,0.809
14398,0.674,0.655,0.341,0.809
16252,0.674,0.655,0.341,0.809
23343,0.656,0.603,0.0,0.542
34140,0.657,0.684,0.311,0.828
45325,0.683,0.0,0.0,0.073
2979,0.608,0.904,0.605,0.545
29882,0.633,0.808,0.283,0.83
40051,0.681,0.997,1.062,0.025
11546,0.658,0.748,0.367,0.782
31325,0.713,0.454,0.299,0.923
425,0.608,0.904,0.605,0.545
1490,0.608,0.904,0.605,0.545
26480,0.645,0.974,0.044,0.286
49188,0.648,0.707,0.0,0.477
11006,0.658,0.748,0.367,0.782
21299,0.656,0.603,0.0,0.542
24352,0.645,0.974,0.044,0.286
20588,0.656,0.603,0.0,0.542
3096,0.608,0.904,0.605,0.545
38057,0.737,0.312,0.0,0.444
14330,0.674,0.655,0.341,0.809
49526,0.783,0.614,0.047,0.071
24431,0.645,0.974,0.044,0.286
31162,0.713,0.454,0.299,0.923
42939,0.759,0.977,0.031,0.613
29832,0.633,0.808,0.283,0.83
25388,0.645,0.974,0.044,0.286
31140,0.713,0.454,0.299,0.923
27073,0.633,0.808,0.283,0.83
47679,0.674,0.535,0.0,0.525
50038,0.706,0.499,0.302,0.912
42850,0.759,0.977,0.031,0.613
4548,0.633,0.783,0.4,0.658
45831,0.683,0.0,0.0,0.073
985,0.608,0.904,0.605,0.545
42199,0.67,0.559,0.0,0.548
6102,0.633,0.783,0.4,0.658
21541,0.656,0.603,0.0,0.542
11148,0.658,0.748,0.367,0.782
37767,0.737,0.312,0.0,0.444
39223,0.681,0.997,1.062,0.025
35651,0.714,0.634,0.0,0.591
33553,0.782,0.284,0.0,0.128
20120,0.656,0.603,0.0,0.542
6380,0.633,0.783,0.4,0.658
28629,0.633,0.808,0.283,0.83
24045,0.761,0.769,0.04,0.178
17276,0.651,0.907,0.0,0.475
50008,0.783,0.614,0.047,0.071
3876,0.608,0.904,0.605,0.545
42485,0.759,0.977,0.031,0.613
16227,0.674,0.655,0.341,0.809
13711,0.674,0.655,0.341,0.809
30140,0.633,0.808,0.283,0.83
16695,0.651,0.907,0.0,0.475
26662,0.645,0.974,0.044,0.286
5799,0.633,0.783,0.4,0.658
14630,0.674,0.655,0.341,0.809
15413,0.674,0.655,0.341,0.809
33824,0.657,0.684,0.311,0.828
19762,0.651,0.907,0.0,0.475
43329,0.759,0.977,0.031,0.613
15121,0.674,0.655,0.341,0.809
31492,0.713,0.454,0.299,0.923
43517,0.759,0.977,0.031,0.613
26959,0.645,0.974,0.044,0.286
45502,0.683,0.0,0.0,0.073
44832,0.777,0.91,0.717,0.534
41560,0.681,0.997,1.062,0.025
48371,0.616,0.0,0.0,0.056
8250,0.633,0.783,0.4,0.658
52838,0.782,0.284,0.0,0.128
39067,0.681,0.997,1.062,0.025
34738,0.657,0.684,0.311,0.828
37963,0.737,0.312,0.0,0.444
703,0.608,0.904,0.605,0.545
30466,0.633,0.808,0.283,0.83
38737,0.737,0.312,0.0,0.444
21522,0.656,0.603,0.0,0.542
16487,0.651,0.907,0.0,0.475
39236,0.681,0.997,1.062,0.025
51395,0.771,0.742,0.03,0.126
3314,0.608,0.904,0.605,0.545
30224,0.633,0.808,0.283,0.83
43281,0.759,0.977,0.031,0.613
25124,0.645,0.974,0.044,0.286
24700,0.645,0.974,0.044,0.286
37650,0.656,0.706,0.221,0.888
13921,0.674,0.655,0.341,0.809
33916,0.657,0.684,0.311,0.828
37207,0.656,0.706,0.221,0.888
40873,0.681,0.997,1.062,0.025
4526,0.633,0.783,0.4,0.658
4719,0.633,0.783,0.4,0.658
14670,0.674,0.655,0.341,0.809
13720,0.674,0.655,0.341,0.809
26132,0.645,0.974,0.044,0.286
5126,0.633,0.783,0.4,0.658
30115,0.633,0.808,0.283,0.83
47537,0.645,0.637,0.0,0.527
34036,0.657,0.684,0.311,0.828
12550,0.658,0.748,0.367,0.782
48095,0.632,0.732,0.145,0.928
8522,0.633,0.783,0.4,0.658
24252,0.645,0.974,0.044,0.286
4406,0.608,0.904,0.605,0.545
6665,0.633,0.783,0.4,0.658
13473,0.674,0.655,0.341,0.809
11556,0.658,0.748,0.367,0.782
31101,0.713,0.454,0.299,0.923
33891,0.657,0.684,0.311,0.828
34053,0.657,0.684,0.311,0.828
11101,0.658,0.748,0.367,0.782
14560,0.674,0.655,0.341,0.809
23863,0.761,0.769,0.04,0.178
21100,0.656,0.603,0.0,0.542
31374,0.713,0.454,0.299,0.923
49198,0.648,0.707,0.0,0.477
49780,0.783,0.614,0.047,0.071
27337,0.633,0.808,0.283,0.83
41950,0.681,0.997,1.062,0.025
667,0.608,0.904,0.605,0.545
39163,0.681,0.997,1.062,0.025
4826,0.633,0.783,0.4,0.658
42726,0.759,0.977,0.031,0.613
35022,0.687,0.587,0.319,0.86
16853,0.651,0.907,0.0,0.475
20780,0.656,0.603,0.0,0.542
12626,0.658,0.748,0.367,0.782
5026,0.633,0.783,0.4,0.658
26897,0.645,0.974,0.044,0.286
38713,0.737,0.312,0.0,0.444
45196,0.683,0.0,0.0,0.073
45040,0.777,0.91,0.717,0.534
38867,0.737,0.312,0.0,0.444
8967,0.633,0.783,0.4,0.658
35587,0.714,0.634,0.0,0.591
5672,0.633,0.783,0.4,0.658
46773,0.793,0.27,0.0,0.124
9987,0.658,0.748,0.367,0.782
35478,0.687,0.587,0.319,0.86
20857,0.656,0.603,0.0,0.542
19915,0.651,0.907,0.0,0.475
37856,0.737,0.312,0.0,0.444
14640,0.674,0.655,0.341,0.809
39541,0.681,0.997,1.062,0.025
13496,0.674,0.655,0.341,0.809
5119,0.633,0.783,0.4,0.658
7579,0.633,0.783,0.4,0.658
3442,0.608,0.904,0.605,0.545
20285,0.656,0.603,0.0,0.542
33907,0.657,0.684,0.311,0.828
41541,0.681,0.997,1.062,0.025
14377,0.674,0.655,0.341,0.809
5169,0.633,0.783,0.4,0.658
47824,0.674,0.535,0.0,0.525
33459,0.782,0.284,0.0,0.128
36361,0.669,0.872,0.0,0.52
20359,0.656,0.603,0.0,0.542
16158,0.674,0.655,0.341,0.809
8231,0.633,0.783,0.4,0.658
15143,0.674,0.655,0.341,0.809
48366,0.616,0.0,0.0,0.056
48461,0.616,0.0,0.0,0.056
43984,0.759,0.977,0.031,0.613
28035,0.633,0.808,0.283,0.83
20711,0.656,0.603,0.0,0.542
14658,0.674,0.655,0.341,0.809
446,0.608,0.904,0.605,0.545
47705,0.674,0.535,0.0,0.525
9100,0.633,0.783,0.4,0.658
34818,0.687,0.587,0.319,0.86
39347,0.681,0.997,1.062,0.025
28373,0.633,0.808,0.283,0.83
49637,0.783,0.614,0.047,0.071
10489,0.658,0.748,0.367,0.782
42571,0.759,0.977,0.031,0.613
4587,0.633,0.783,0.4,0.658
17460,0.651,0.907,0.0,0.475
27702,0.633,0.808,0.283,0.83
27409,0.633,0.808,0.283,0.83
35466,0.687,0.587,0.319,0.86
25255,0.645,0.974,0.044,0.286
39660,0.681,0.997,1.062,0.025
3852,0.608,0.904,0.605,0.545
48744,0.616,0.0,0.0,0.056
34960,0.687,0.587,0.319,0.86
13792,0.674,0.655,0.341,0.809
15872,0.674,0.655,0.341,0.809
22128,0.656,0.603,0.0,0.542
27773,0.633,0.808,0.283,0.83
16564,0.651,0.907,0.0,0.475
25089,0.645,0.974,0.044,0.286
41361,0.681,0.997,1.062,0.025
47319,0.645,0.637,0.0,0.527
10524,0.658,0.748,0.367,0.782
10913,0.658,0.748,0.367,0.782
36221,0.714,0.634,0.0,0.591
47787,0.674,0.535,0.0,0.525
30607,0.633,0.808,0.283,0.83
8581,0.633,0.783,0.4,0.658
9909,0.633,0.783,0.4,0.658
6582,0.633,0.783,0.4,0.658
3953,0.608,0.904,0.605,0.545
9381,0.633,0.783,0.4,0.658
21030,0.656,0.603,0.0,0.542
27485,0.633,0.808,0.283,0.83
38607,0.737,0.312,0.0,0.444
20128,0.656,0.603,0.0,0.542
1118,0.608,0.904,0.605,0.545
34638,0.657,0.684,0.311,0.828
13445,0.674,0.655,0.341,0.809
11577,0.658,0.748,0.367,0.782
4994,0.633,0.783,0.4,0.658
17844,0.651,0.907,0.0,0.475
10741,0.658,0.748,0.367,0.782
24679,0.645,0.974,0.044,0.286
15395,0.674,0.655,0.341,0.809
43624,0.759,0.977,0.031,0.613
42682,0.759,0.977,0.031,0.613
3027,0.608,0.904,0.605,0.545
3884,0.608,0.904,0.605,0.545
16800,0.651,0.907,0.0,0.475
22246,0.656,0.603,0.0,0.542
12674,0.658,0.748,0.367,0.782
26907,0.645,0.974,0.044,0.286
30336,0.633,0.808,0.283,0.83
52297,0.698,0.552,0.315,0.879
13189,0.658,0.748,0.367,0.782
9327,0.633,0.783,0.4,0.658
38413,0.737,0.312,0.0,0.444
27835,0.633,0.808,0.283,0.83
30967,0.633,0.808,0.283,0.83
22530,0.656,0.603,0.0,0.542
11129,0.658,0.748,0.367,0.782
22535,0.656,0.603,0.0,0.542
35596,0.714,0.634,0.0,0.591
19259,0.651,0.907,0.0,0.475
53886,0.848,0.808,0.044,0.365
49208,0.648,0.707,0.0,0.477
4236,0.608,0.904,0.605,0.545
26697,0.645,0.974,0.044,0.286
32436,0.782,0.284,0.0,0.128
30922,0.633,0.808,0.283,0.83
4416,0.608,0.904,0.605,0.545
7357,0.633,0.783,0.4,0.658
12501,0.658,0.748,0.367,0.782
48714,0.616,0.0,0.0,0.056
8349,0.633,0.783,0.4,0.658
37851,0.737,0.312,0.0,0.444
45435,0.683,0.0,0.0,0.073
22540,0.656,0.603,0.0,0.542
27747,0.633,0.808,0.283,0.83
39901,0.681,0.997,1.062,0.025
43380,0.759,0.977,0.031,0.613
45108,0.777,0.91,0.717,0.534
9831,0.633,0.783,0.4,0.658
45511,0.683,0.0,0.0,0.073
17129,0.651,0.907,0.0,0.475
2128,0.608,0.904,0.605,0.545
14504,0.674,0.655,0.341,0.809
50108,0.706,0.499,0.302,0.912
20479,0.656,0.603,0.0,0.542
33942,0.657,0.684,0.311,0.828
12923,0.658,0.748,0.367,0.782
8016,0.633,0.783,0.4,0.658
16861,0.651,0.907,0.0,0.475
20446,0.656,0.603,0.0,0.542
4168,0.608,0.904,0.605,0.545
32421,0.782,0.284,0.0,0.128
1263,0.608,0.904,0.605,0.545
24373,0.645,0.974,0.044,0.286
43651,0.759,0.977,0.031,0.613
14433,0.674,0.655,0.341,0.809
35549,0.714,0.634,0.0,0.591
17763,0.651,0.907,0.0,0.475
23856,0.761,0.769,0.04,0.178
34242,0.657,0.684,0.311,0.828
1500,0.608,0.904,0.605,0.545
33128,0.782,0.284,0.0,0.128
42361,0.67,0.559,0.0,0.548
42830,0.759,0.977,0.031,0.613
26722,0.645,0.974,0.044,0.286
11120,0.658,0.748,0.367,0.782
45234,0.683,0.0,0.0,0.073
15980,0.674,0.655,0.341,0.809
15794,0.674,0.655,0.341,0.809
47146,0.645,0.637,0.0,0.527
21480,0.656,0.603,0.0,0.542
14079,0.674,0.655,0.341,0.809
36422,0.669,0.872,0.0,0.52
37484,0.656,0.706,0.221,0.888
17421,0.651,0.907,0.0,0.475
1979,0.608,0.904,0.605,0.545
42773,0.759,0.977,0.031,0.613
38329,0.737,0.312,0.0,0.444
40829,0.681,0.997,1.062,0.025
45259,0.683,0.0,0.0,0.073
37231,0.656,0.706,0.221,0.888
16150,0.674,0.655,0.341,0.809
27858,0.633,0.808,0.283,0.83
24342,0.645,0.974,0.044,0.286
22597,0.656,0.603,0.0,0.542
45519,0.683,0.0,0.0,0.073
32859,0.782,0.284,0.0,0.128
3463,0.608,0.904,0.605,0.545
27391,0.633,0.808,0.283,0.83
16476,0.651,0.907,0.0,0.475
31316,0.713,0.454,0.299,0.923
15751,0.674,0.655,0.341,0.809
35271,0.687,0.587,0.319,0.86
4069,0.608,0.904,0.605,0.545
50047,0.706,0.499,0.302,0.912
19280,0.651,0.907,0.0,0.475
43291,0.759,0.977,0.031,0.613
23849,0.761,0.769,0.04,0.178
33983,0.657,0.684,0.311,0.828
29920,0.633,0.808,0.283,0.83
44814,0.777,0.91,0.717,0.534
35521,0.714,0.634,0.0,0.591
32055,0.782,0.284,0.0,0.128
14253,0.674,0.655,0.341,0.809
997,0.608,0.904,0.605,0.545
46462,0.617,0.385,0.0,0.562
40082,0.681,0.997,1.062,0.025
5278,0.633,0.783,0.4,0.658
25581,0.645,0.974,0.044,0.286
49225,0.648,0.707,0.0,0.477
3245,0.608,0.904,0.605,0.545
30745,0.633,0.808,0.283,0.83
34110,0.657,0.684,0.311,0.828
21375,0.656,0.603,0.0,0.542
9550,0.633,0.783,0.4,0.658
19201,0.651,0.907,0.0,0.475
11236,0.658,0.748,0.367,0.782
16341,0.674,0.655,0.341,0.809
20314,0.656,0.603,0.0,0.542
34853,0.687,0.587,0.319,0.86
41243,0.681,0.997,1.062,0.025
31913,0.782,0.284,0.0,0.128
10069,0.658,0.748,0.367,0.782
14862,0.674,0.655,0.341,0.809
37474,0.656,0.706,0.221,0.888
16681,0.651,0.907,0.0,0.475
31281,0.713,0.454,0.299,0.923
27002,0.645,0.974,0.044,0.286
31047,0.713,0.454,0.299,0.923
20642,0.656,0.603,0.0,0.542
20409,0.656,0.603,0.0,0.542
24900,0.645,0.974,0.044,0.286
14922,0.674,0.655,0.341,0.809
10217,0.658,0.748,0.367,0.782
3205,0.608,0.904,0.605,0.545
23259,0.656,0.603,0.0,0.542
16986,0.651,0.907,0.0,0.475
22839,0.656,0.603,0.0,0.542
17577,0.651,0.907,0.0,0.475
15249,0.674,0.655,0.341,0.809
41468,0.681,0.997,1.062,0.025
21203,0.656,0.603,0.0,0.542
12729,0.658,0.748,0.367,0.782
35725,0.714,0.634,0.0,0.591
35690,0.714,0.634,0.0,0.591
3587,0.608,0.904,0.605,0.545
5838,0.633,0.783,0.4,0.658
42644,0.759,0.977,0.031,0.613
39297,0.681,0.997,1.062,0.025
49487,0.783,0.614,0.047,0.071
44746,0.777,0.91,0.717,0.534
13015,0.658,0.748,0.367,0.782
581,0.608,0.904,0.605,0.545
4422,0.608,0.904,0.605,0.545
30889,0.633,0.808,0.283,0.83
48589,0.616,0.0,0.0,0.056
41841,0.681,0.997,1.062,0.025
47139,0.645,0.637,0.0,0.527
41124,0.681,0.997,1.062,0.025
34939,0.687,0.587,0.319,0.86
27424,0.633,0.808,0.283,0.83
25348,0.645,0.974,0.044,0.286
26198,0.645,0.974,0.044,0.286
5542,0.633,0.783,0.4,0.658
30169,0.633,0.808,0.283,0.83
17469,0.651,0.907,0.0,0.475
25236,0.645,0.974,0.044,0.286
23417,0.656,0.603,0.0,0.542
35217,0.687,0.587,0.319,0.86
871,0.608,0.904,0.605,0.545
6493,0.633,0.783,0.4,0.658
50126,0.706,0.499,0.302,0.912
140,0.608,0.904,0.605,0.545
11971,0.658,0.748,0.367,0.782
4785,0.633,0.783,0.4,0.658
36010,0.714,0.634,0.0,0.591
302,0.608,0.904,0.605,0.545
9792,0.633,0.783,0.4,0.658
45251,0.683,0.0,0.0,0.073
27145,0.633,0.808,0.283,0.83
11916,0.658,0.748,0.367,0.782
32614,0.782,0.284,0.0,0.128
14579,0.674,0.655,0.341,0.809
11449,0.658,0.748,0.367,0.782
29967,0.633,0.808,0.283,0.83
52399,0.698,0.552,0.315,0.879
42127,0.681,0.997,1.062,0.025
20761,0.656,0.603,0.0,0.542
12645,0.658,0.748,0.367,0.782
43767,0.759,0.977,0.031,0.613
10265,0.658,0.748,0.367,0.782
2793,0.608,0.904,0.605,0.545
21040,0.656,0.603,0.0,0.542
8983,0.633,0.783,0.4,0.658
39313,0.681,0.997,1.062,0.025
13601,0.674,0.655,0.341,0.809
47341,0.645,0.637,0.0,0.527
48754,0.616,0.0,0.0,0.056
41484,0.681,0.997,1.062,0.025
42381,0.67,0.559,0.0,0.548
33137,0.782,0.284,0.0,0.128
12609,0.658,0.748,0.367,0.782
16110,0.674,0.655,0.341,0.809
48629,0.616,0.0,0.0,0.056
19289,0.651,0.907,0.0,0.475
44773,0.777,0.91,0.717,0.534
4637,0.633,0.783,0.4,0.658
8269,0.633,0.783,0.4,0.658
32349,0.782,0.284,0.0,0.128
34665,0.657,0.684,0.311,0.828
4512,0.633,0.783,0.4,0.658
18018,0.651,0.907,0.0,0.475
13964,0.674,0.655,0.341,0.809
27501,0.633,0.808,0.283,0.83
21082,0.656,0.603,0.0,0.542
21183,0.656,0.603,0.0,0.542
38515,0.737,0.312,0.0,0.444
25048,0.645,0.974,0.044,0.286
39854,0.681,0.997,1.062,0.025
15813,0.674,0.655,0.341,0.809
25774,0.645,0.974,0.044,0.286
18190,0.651,0.907,0.0,0.475
18503,0.651,0.907,0.0,0.475
5868,0.633,0.783,0.4,0.658
6001,0.633,0.783,0.4,0.658
16823,0.651,0.907,0.0,0.475
12540,0.658,0.748,0.367,0.782
545,0.608,0.904,0.605,0.545
48508,0.616,0.0,0.0,0.056
19526,0.651,0.907,0.0,0.475
6047,0.633,0.783,0.4,0.658
52826,0.782,0.284,0.0,0.128
1798,0.608,0.904,0.605,0.545
1217,0.608,0.904,0.605,0.545
47171,0.645,0.637,0.0,0.527
38617,0.737,0.312,0.0,0.444
30080,0.633,0.808,0.283,0.83
26640,0.645,0.974,0.044,0.286
37907,0.737,0.312,0.0,0.444
25368,0.645,0.974,0.044,0.286
20155,0.656,0.603,0.0,0.542
130,0.608,0.904,0.605,0.545
19142,0.651,0.907,0.0,0.475
15307,0.674,0.655,0.341,0.809
34689,0.657,0.684,0.311,0.828
14551,0.674,0.655,0.341,0.809
46763,0.793,0.27,0.0,0.124
20141,0.656,0.603,0.0,0.542
41870,0.681,0.997,1.062,0.025
6321,0.633,0.783,0.4,0.658
28567,0.633,0.808,0.283,0.83
8472,0.633,0.783,0.4,0.658
45050,0.777,0.91,0.717,0.534
31359,0.713,0.454,0.299,0.923
33264,0.782,0.284,0.0,0.128
42307,0.67,0.559,0.0,0.548
10633,0.658,0.748,0.367,0.782
43452,0.759,0.977,0.031,0.613
10191,0.658,0.748,0.367,0.782
47901,0.674,0.535,0.0,0.525
42504,0.759,0.977,0.031,0.613
33777,0.657,0.684,0.311,0.828
26884,0.645,0.974,0.044,0.286
17413,0.651,0.907,0.0,0.475
3215,0.608,0.904,0.605,0.545
30298,0.633,0.808,0.283,0.83
37631,0.656,0.706,0.221,0.888
32697,0.782,0.284,0.0,0.128
3633,0.608,0.904,0.605,0.545
21515,0.656,0.603,0.0,0.542
4673,0.633,0.783,0.4,0.658
32173,0.782,0.284,0.0,0.128
29087,0.633,0.808,0.283,0.83
19420,0.651,0.907,0.0,0.475
9623,0.633,0.783,0.4,0.658
50018,0.706,0.499,0.302,0.912
41784,0.681,0.997,1.062,0.025
44862,0.777,0.91,0.717,0.534
21532,0.656,0.603,0.0,0.542
11417,0.658,0.748,0.367,0.782
20220,0.656,0.603,0.0,0.542
41331,0.681,0.997,1.062,0.025
12559,0.658,0.748,0.367,0.782
10302,0.658,0.748,0.367,0.782
3008,0.608,0.904,0.605,0.545
44893,0.777,0.91,0.717,0.534
20685,0.656,0.603,0.0,0.542
27396,0.633,0.808,0.283,0.83
10680,0.658,0.748,0.367,0.782
23832,0.761,0.769,0.04,0.178
38722,0.737,0.312,0.0,0.444
19546,0.651,0.907,0.0,0.475
4078,0.608,0.904,0.605,0.545
24691,0.645,0.974,0.044,0.286
9485,0.633,0.783,0.4,0.658
26546,0.645,0.974,0.044,0.286
11985,0.658,0.748,0.367,0.782
11812,0.658,0.748,0.367,0.782
25076,0.645,0.974,0.044,0.286
22848,0.656,0.603,0.0,0.542
14512,0.674,0.655,0.341,0.809
44667,0.777,0.91,0.717,0.534
27235,0.633,0.808,0.283,0.83
33640,0.657,0.684,0.311,0.828
16401,0.674,0.655,0.341,0.809
39803,0.681,0.997,1.062,0.025
23129,0.656,0.603,0.0,0.542
38093,0.737,0.312,0.0,0.444
20385,0.656,0.603,0.0,0.542
5345,0.633,0.783,0.4,0.658
32092,0.782,0.284,0.0,0.128
33897,0.657,0.684,0.311,0.828
51267,0.771,0.742,0.03,0.126
9644,0.633,0.783,0.4,0.658
43116,0.759,0.977,0.031,0.613
13162,0.658,0.748,0.367,0.782
15771,0.674,0.655,0.341,0.809
28206,0.633,0.808,0.283,0.83
9175,0.633,0.783,0.4,0.658
13389,0.658,0.748,0.367,0.782
49467,0.783,0.614,0.047,0.071
24539,0.645,0.974,0.044,0.286
37952,0.737,0.312,0.0,0.444
918,0.608,0.904,0.605,0.545
44886,0.777,0.91,0.717,0.534
13903,0.674,0.655,0.341,0.809
37786,0.737,0.312,0.0,0.444
3501,0.608,0.904,0.605,0.545
10613,0.658,0.748,0.367,0.782
28363,0.633,0.808,0.283,0.83
25630,0.645,0.974,0.044,0.286
24547,0.645,0.974,0.044,0.286
47054,0.645,0.637,0.0,0.527
10606,0.658,0.748,0.367,0.782
29892,0.633,0.808,0.283,0.83
21251,0.656,0.603,0.0,0.542
14913,0.674,0.655,0.341,0.809
43024,0.759,0.977,0.031,0.613
25218,0.645,0.974,0.044,0.286
36712,0.669,0.872,0.0,0.52
46983,0.645,0.637,0.0,0.527
24221,0.645,0.974,0.044,0.286
25611,0.645,0.974,0.044,0.286
37287,0.656,0.706,0.221,0.888
39260,0.681,0.997,1.062,0.025
37335,0.656,0.706,0.221,0.888
39267,0.681,0.997,1.062,0.025
1296,0.608,0.904,0.605,0.545
14622,0.674,0.655,0.341,0.809
28648,0.633,0.808,0.283,0.83
17245,0.651,0.907,0.0,0.475
48359,0.616,0.0,0.0,0.056
36702,0.669,0.872,0.0,0.52
3087,0.608,0.904,0.605,0.545
38969,0.737,0.312,0.0,0.444
33234,0.782,0.284,0.0,0.128
41753,0.681,0.997,1.062,0.025
1043,0.608,0.904,0.605,0.545
23505,0.656,0.603,0.0,0.542
10481,0.658,0.748,0.367,0.782
5453,0.633,0.783,0.4,0.658
44990,0.777,0.91,0.717,0.534
36341,0.669,0.872,0.0,0.52
4800,0.633,0.783,0.4,0.658
45205,0.683,0.0,0.0,0.073
30914,0.633,0.808,0.283,0.83
40926,0.681,0.997,1.062,0.025
45780,0.683,0.0,0.0,0.073
1166,0.608,0.904,0.605,0.545
13946,0.674,0.655,0.341,0.809
17188,0.651,0.907,0.0,0.475
23839,0.761,0.769,0.04,0.178
15160,0.674,0.655,0.341,0.809
8182,0.633,0.783,0.4,0.658
9035,0.633,0.783,0.4,0.658
24825,0.645,0.974,0.044,0.286
13526,0.674,0.655,0.341,0.809
10244,0.658,0.748,0.367,0.782
1602,0.608,0.904,0.605,0.545
47415,0.645,0.637,0.0,0.527
30964,0.633,0.808,0.283,0.83
1209,0.608,0.904,0.605,0.545
2341,0.608,0.904,0.605,0.545
42947,0.759,0.977,0.031,0.613
12765,0.658,0.748,0.367,0.782
28558,0.633,0.808,0.283,0.83
19959,0.651,0.907,0.0,0.475
8379,0.633,0.783,0.4,0.658
20183,0.656,0.603,0.0,0.542
19868,0.651,0.907,0.0,0.475
28639,0.633,0.808,0.283,0.83
23798,0.656,0.603,0.0,0.542
8704,0.633,0.783,0.4,0.658
45342,0.683,0.0,0.0,0.073
9440,0.633,0.783,0.4,0.658
13802,0.674,0.655,0.341,0.809
13004,0.658,0.748,0.367,0.782
4397,0.608,0.904,0.605,0.545
46725,0.793,0.27,0.0,0.124
42869,0.759,0.977,0.031,0.613
27367,0.633,0.808,0.283,0.83
29842,0.633,0.808,0.283,0.83
464,0.608,0.904,0.605,0.545
11046,0.658,0.748,0.367,0.782
34200,0.657,0.684,0.311,0.828
1954,0.608,0.904,0.605,0.545
22906,0.656,0.603,0.0,0.542
8532,0.633,0.783,0.4,0.658
12378,0.658,0.748,0.367,0.782
28296,0.633,0.808,0.283,0.83
41894,0.681,0.997,1.062,0.025
19249,0.651,0.907,0.0,0.475
47715,0.674,0.535,0.0,0.525
40159,0.681,0.997,1.062,0.025
42637,0.759,0.977,0.031,0.613
32525,0.782,0.284,0.0,0.128
37277,0.656,0.706,0.221,0.888
24085,0.761,0.769,0.04,0.178
20542,0.656,0.603,0.0,0.542
41926,0.681,0.997,1.062,0.025
43817,0.759,0.977,0.031,0.613
39272,0.681,0.997,1.062,0.025
38587,0.737,0.312,0.0,0.444
21154,0.656,0.603,0.0,0.542
38592,0.737,0.312,0.0,0.444
8479,0.633,0.783,0.4,0.658
47035,0.645,0.637,0.0,0.527
22868,0.656,0.603,0.0,0.542
20635,0.656,0.603,0.0,0.542
4021,0.608,0.904,0.605,0.545
3269,0.608,0.904,0.605,0.545
32038,0.782,0.284,0.0,0.128
11589,0.658,0.748,0.367,0.782
307,0.608,0.904,0.605,0.545
38622,0.737,0.312,0.0,0.444
47422,0.645,0.637,0.0,0.527
17168,0.651,0.907,0.0,0.475
44627,0.777,0.91,0.717,0.534
3434,0.608,0.904,0.605,0.545
25309,0.645,0.974,0.044,0.286
25291,0.645,0.974,0.044,0.286
39777,0.681,0.997,1.062,0.025
19212,0.651,0.907,0.0,0.475
19178,0.651,0.907,0.0,0.475
29910,0.633,0.808,0.283,0.83
31381,0.713,0.454,0.299,0.923
48598,0.616,0.0,0.0,0.056
24747,0.645,0.974,0.044,0.286
12348,0.658,0.748,0.367,0.782
12396,0.658,0.748,0.367,0.782
46993,0.645,0.637,0.0,0.527
14193,0.674,0.655,0.341,0.809
25166,0.645,0.974,0.044,0.286
43211,0.759,0.977,0.031,0.613
41311,0.681,0.997,1.062,0.025
13052,0.658,0.748,0.367,0.782
21192,0.656,0.603,0.0,0.542
18755,0.651,0.907,0.0,0.475
19298,0.651,0.907,0.0,0.475
31307,0.713,0.454,0.299,0.923
47807,0.674,0.535,0.0,0.525
48196,0.635,0.0,0.0,0.083
25377,0.645,0.974,0.044,0.286
33932,0.657,0.684,0.311,0.828
27153,0.633,0.808,0.283,0.83
38692,0.737,0.312,0.0,0.444
28217,0.633,0.808,0.283,0.83
45187,0.683,0.0,0.0,0.073
28234,0.633,0.808,0.283,0.83
36305,0.669,0.872,0.0,0.52
26373,0.645,0.974,0.044,0.286
12240,0.658,0.748,0.367,0.782
4281,0.608,0.904,0.605,0.545
30207,0.633,0.808,0.283,0.83
8647,0.633,0.783,0.4,0.658
34714,0.657,0.684,0.311,0.828
35765,0.714,0.634,0.0,0.591
35169,0.687,0.587,0.319,0.86
31985,0.782,0.284,0.0,0.128
5691,0.633,0.783,0.4,0.658
3057,0.608,0.904,0.605,0.545
36190,0.714,0.634,0.0,0.591
5877,0.633,0.783,0.4,0.658
16740,0.651,0.907,0.0,0.475
48811,0.616,0.0,0.0,0.056
35101,0.687,0.587,0.319,0.86
37445,0.656,0.706,0.221,0.888
45859,0.683,0.0,0.0,0.073
47778,0.674,0.535,0.0,0.525
20402,0.656,0.603,0.0,0.542
15917,0.674,0.655,0.341,0.809
43109,0.759,0.977,0.031,0.613
37917,0.737,0.312,0.0,0.444
32110,0.782,0.284,0.0,0.128
11477,0.658,0.748,0.367,0.782
31298,0.713,0.454,0.299,0.923
646,0.608,0.904,0.605,0.545
495,0.608,0.904,0.605,0.545
31838,0.766,0.745,0.0,0.482
32598,0.782,0.284,0.0,0.128
473,0.608,0.904,0.605,0.545
28082,0.633,0.808,0.283,0.83
26250,0.645,0.974,0.044,0.286
8793,0.633,0.783,0.4,0.658
22876,0.656,0.603,0.0,0.542
183,0.608,0.904,0.605,0.545
10537,0.658,0.748,0.367,0.782
7559,0.633,0.783,0.4,0.658
8192,0.633,0.783,0.4,0.658
8319,0.633,0.783,0.4,0.658
20276,0.656,0.603,0.0,0.542
42664,0.759,0.977,0.031,0.613
3961,0.608,0.904,0.605,0.545
11569,0.658,0.748,0.367,0.782
19116,0.651,0.907,0.0,0.475
12455,0.658,0.748,0.367,0.782
38765,0.737,0.312,0.0,0.444
5820,0.633,0.783,0.4,0.658
6526,0.633,0.783,0.4,0.658
15893,0.674,0.655,0.341,0.809
38875,0.737,0.312,0.0,0.444
7336,0.633,0.783,0.4,0.658
50118,0.706,0.499,0.302,0.912
8397,0.633,0.783,0.4,0.658
21509,0.656,0.603,0.0,0.542
14763,0.674,0.655,0.341,0.809
41341,0.681,0.997,1.062,0.025
14959,0.674,0.655,0.341,0.809
5072,0.633,0.783,0.4,0.658
19774,0.651,0.907,0.0,0.475
42280,0.67,0.559,0.0,0.548
20624,0.656,0.603,0.0,0.542
48446,0.616,0.0,0.0,0.056
10976,0.658,0.748,0.367,0.782
47509,0.645,0.637,0.0,0.527
1364,0.608,0.904,0.605,0.545
16090,0.674,0.655,0.341,0.809
23058,0.656,0.603,0.0,0.542
17043,0.651,0.907,0.0,0.475
36020,0.714,0.634,0.0,0.591
13331,0.658,0.748,0.367,0.782
34727,0.657,0.684,0.311,0.828
14094,0.674,0.655,0.341,0.809
27382,0.633,0.808,0.283,0.83
6205,0.633,0.783,0.4,0.658
33148,0.782,0.284,0.0,0.128
3321,0.608,0.904,0.605,0.545
6133,0.633,0.783,0.4,0.658
74,0.608,0.904,0.605,0.545
23965,0.761,0.769,0.04,0.178
49667,0.783,0.614,0.047,0.071
47688,0.674,0.535,0.0,0.525
10766,0.658,0.748,0.367,0.782
47153,0.645,0.637,0.0,0.527
2989,0.608,0.904,0.605,0.545
5588,0.633,0.783,0.4,0.658
281,0.608,0.904,0.605,0.545
28325,0.633,0.808,0.283,0.83
24483,0.645,0.974,0.044,0.286
10436,0.658,0.748,0.367,0.782
34863,0.687,0.587,0.319,0.86
47350,0.645,0.637,0.0,0.527
4211,0.608,0.904,0.605,0.545
19631,0.651,0.907,0.0,0.475
13077,0.658,0.748,0.367,0.782
28797,0.633,0.808,0.283,0.83
31201,0.713,0.454,0.299,0.923
13224,0.658,0.748,0.367,0.782
20321,0.656,0.603,0.0,0.542
37871,0.737,0.312,0.0,0.444
4466,0.633,0.783,0.4,0.658
33950,0.657,0.684,0.311,0.828
14953,0.674,0.655,0.341,0.809
7480,0.633,0.783,0.4,0.658
24581,0.645,0.974,0.044,0.286
20863,0.656,0.603,0.0,0.542
41566,0.681,0.997,1.062,0.025
6010,0.633,0.783,0.4,0.658
20148,0.656,0.603,0.0,0.542
5198,0.633,0.783,0.4,0.658
242,0.608,0.904,0.605,0.545
40995,0.681,0.997,1.062,0.025
15216,0.674,0.655,0.341,0.809
21894,0.656,0.603,0.0,0.542
24663,0.645,0.974,0.044,0.286
23878,0.761,0.769,0.04,0.178
35756,0.714,0.634,0.0,0.591
6305,0.633,0.783,0.4,0.658
14443,0.674,0.655,0.341,0.809
49959,0.783,0.614,0.047,0.071
32249,0.782,0.284,0.0,0.128
39082,0.681,0.997,1.062,0.025
12578,0.658,0.748,0.367,0.782
33648,0.657,0.684,0.311,0.828
9169,0.633,0.783,0.4,0.658
10317,0.658,0.748,0.367,0.782
9743,0.633,0.783,0.4,0.658
30288,0.633,0.808,0.283,0.83
23825,0.761,0.769,0.04,0.178
41100,0.681,0.997,1.062,0.025
21222,0.656,0.603,0.0,0.542
10673,0.658,0.748,0.367,0.782
21652,0.656,0.603,0.0,0.542
42244,0.67,0.559,0.0,0.548
14543,0.674,0.655,0.341,0.809
36159,0.714,0.634,0.0,0.591
32382,0.782,0.284,0.0,0.128
33829,0.657,0.684,0.311,0.828
16790,0.651,0.907,0.0,0.475
1391,0.608,0.904,0.605,0.545
26064,0.645,0.974,0.044,0.286
27046,0.633,0.808,0.283,0.83
32307,0.782,0.284,0.0,0.128
28023,0.633,0.808,0.283,0.83
45758,0.683,0.0,0.0,0.073
38493,0.737,0.312,0.0,0.444
37725,0.656,0.706,0.221,0.888
10132,0.658,0.748,0.367,0.782
42762,0.759,0.977,0.031,0.613
35359,0.687,0.587,0.319,0.86
6111,0.633,0.783,0.4,0.658
45352,0.683,0.0,0.0,0.073
3519,0.608,0.904,0.605,0.545
34409,0.657,0.684,0.311,0.828
33665,0.657,0.684,0.311,0.828
14243,0.674,0.655,0.341,0.809
11617,0.658,0.748,0.367,0.782
39385,0.681,0.997,1.062,0.025
39135,0.681,0.997,1.062,0.025
2297,0.608,0.904,0.605,0.545
36582,0.669,0.872,0.0,0.52
23899,0.761,0.769,0.04,0.178
49180,0.648,0.707,0.0,0.477
40867,0.681,0.997,1.062,0.025
47009,0.645,0.637,0.0,0.527
36264,0.669,0.872,0.0,0.52
27560,0.633,0.808,0.283,0.83
30991,0.633,0.808,0.283,0.83
7676,0.633,0.783,0.4,0.658
36471,0.669,0.872,0.0,0.52
17008,0.651,0.907,0.0,0.475
39252,0.681,0.997,1.062,0.025
8821,0.633,0.783,0.4,0.658
12656,0.658,0.748,0.367,0.782
17716,0.651,0.907,0.0,0.475
27578,0.633,0.808,0.283,0.83
25548,0.645,0.974,0.044,0.286
26344,0.645,0.974,0.044,0.286
21060,0.656,0.603,0.0,0.542
11583,0.658,0.748,0.367,0.782
8840,0.633,0.783,0.4,0.658
48554,0.616,0.0,0.0,0.056
23000,0.656,0.603,0.0,0.542
30647,0.633,0.808,0.283,0.83
48724,0.616,0.0,0.0,0.056
34074,0.657,0.684,0.311,0.828
46487,0.617,0.385,0.0,0.562
18769,0.651,0.907,0.0,0.475
36462,0.669,0.872,0.0,0.52
9718,0.633,0.783,0.4,0.658
28334,0.633,0.808,0.283,0.83
17697,0.651,0.907,0.0,0.475
2806,0.608,0.904,0.605,0.545
27603,0.633,0.808,0.283,0.83
4493,0.633,0.783,0.4,0.658
19944,0.651,0.907,0.0,0.475
25398,0.645,0.974,0.044,0.286
47636,0.645,0.637,0.0,0.527
28142,0.633,0.808,0.283,0.83
6419,0.633,0.783,0.4,0.658
3540,0.608,0.904,0.605,0.545
27401,0.633,0.808,0.283,0.83
42752,0.759,0.977,0.031,0.613
10118,0.658,0.748,0.367,0.782
48830,0.616,0.0,0.0,0.056
1469,0.608,0.904,0.605,0.545
26190,0.645,0.974,0.044,0.286
9497,0.633,0.783,0.4,0.658
4841,0.633,0.783,0.4,0.658
11605,0.658,0.748,0.367,0.782
20992,0.656,0.603,0.0,0.542
23085,0.656,0.603,0.0,0.542
35507,0.714,0.634,0.0,0.591
25783,0.645,0.974,0.044,0.286
14877,0.674,0.655,0.341,0.809
14843,0.674,0.655,0.341,0.809
15222,0.674,0.655,0.341,0.809
45128,0.777,0.91,0.717,0.534
24590,0.645,0.974,0.044,0.286
16524,0.651,0.907,0.0,0.475
39171,0.681,0.997,1.062,0.025
3621,0.608,0.904,0.605,0.545
34495,0.657,0.684,0.311,0.828
32288,0.782,0.284,0.0,0.128
49171,0.648,0.707,0.0,0.477
9662,0.633,0.783,0.4,0.658
21639,0.656,0.603,0.0,0.542
22125,0.656,0.603,0.0,0.542
32922,0.782,0.284,0.0,0.128
43881,0.759,0.977,0.031,0.613
18545,0.651,0.907,0.0,0.475
27270,0.633,0.808,0.283,0.83
161,0.608,0.904,0.605,0.545
41476,0.681,0.997,1.062,0.025
43974,0.759,0.977,0.031,0.613
43872,0.759,0.977,0.031,0.613
6413,0.633,0.783,0.4,0.658
48398,0.616,0.0,0.0,0.056
36084,0.714,0.634,0.0,0.591
11467,0.658,0.748,0.367,0.782
45286,0.683,0.0,0.0,0.073
11398,0.658,0.748,0.367,0.782
15174,0.674,0.655,0.341,0.809
14365,0.674,0.655,0.341,0.809
38225,0.737,0.312,0.0,0.444
17392,0.651,0.907,0.0,0.475
32373,0.782,0.284,0.0,0.128
34294,0.657,0.684,0.311,0.828
34921,0.687,0.587,0.319,0.86
39724,0.681,0.997,1.062,0.025
31557,0.766,0.745,0.0,0.482
27173,0.633,0.808,0.283,0.83
42563,0.759,0.977,0.031,0.613
16394,0.674,0.655,0.341,0.809
4574,0.633,0.783,0.4,0.658
3549,0.608,0.904,0.605,0.545
24633,0.645,0.974,0.044,0.286
20237,0.656,0.603,0.0,0.542
41794,0.681,0.997,1.062,0.025
35243,0.687,0.587,0.319,0.86
13956,0.674,0.655,0.341,0.809
3067,0.608,0.904,0.605,0.545
42134,0.681,0.997,1.062,0.025
20306,0.656,0.603,0.0,0.542
24878,0.645,0.974,0.044,0.286
12389,0.658,0.748,0.367,0.782
17744,0.651,0.907,0.0,0.475
21499,0.656,0.603,0.0,0.542
9700,0.633,0.783,0.4,0.658
47090,0.645,0.637,0.0,0.527
43320,0.759,0.977,0.031,0.613
34415,0.657,0.684,0.311,0.828
37497,0.656,0.706,0.221,0.888
9112,0.633,0.783,0.4,0.658
32317,0.782,0.284,0.0,0.128
17967,0.651,0.907,0.0,0.475
48035,0.861,0.788,0.409,0.461
43640,0.759,0.977,0.031,0.613
2386,0.608,0.904,0.605,0.545
37398,0.656,0.706,0.221,0.888
37462,0.656,0.706,0.221,0.888
25244,0.645,0.974,0.044,0.286
39833,0.681,0.997,1.062,0.025
11377,0.658,0.748,0.367,0.782
42552,0.759,0.977,0.031,0.613
7574,0.633,0.783,0.4,0.658
3415,0.608,0.904,0.605,0.545
27764,0.633,0.808,0.283,0.83
35311,0.687,0.587,0.319,0.86
23842,0.761,0.769,0.04,0.178
42891,0.759,0.977,0.031,0.613
25176,0.645,0.974,0.044,0.286
24204,0.761,0.769,0.04,0.178
16633,0.651,0.907,0.0,0.475
13868,0.674,0.655,0.341,0.809
42351,0.67,0.559,0.0,0.548
10420,0.658,0.748,0.367,0.782
19876,0.651,0.907,0.0,0.475
21590,0.656,0.603,0.0,0.542
21276,0.656,0.603,0.0,0.542
47969,0.674,0.535,0.0,0.525
36911,0.669,0.872,0.0,0.52
3184,0.608,0.904,0.605,0.545
24755,0.645,0.974,0.044,0.286
30035,0.633,0.808,0.283,0.83
21839,0.656,0.603,0.0,0.542
37842,0.737,0.312,0.0,0.444
28936,0.633,0.808,0.283,0.83
4156,0.608,0.904,0.605,0.545
36146,0.714,0.634,0.0,0.591
36366,0.669,0.872,0.0,0.52
30736,0.633,0.808,0.283,0.83
48453,0.616,0.0,0.0,0.056
41989,0.681,0.997,1.062,0.025
14132,0.674,0.655,0.341,0.809
38952,0.737,0.312,0.0,0.444
47724,0.674,0.535,0.0,0.525
34365,0.657,0.684,0.311,0.828
83,0.608,0.904,0.605,0.545
30622,0.633,0.808,0.283,0.83
46650,0.768,0.0,0.0,0.044
3194,0.608,0.904,0.605,0.545
31216,0.713,0.454,0.299,0.923
14822,0.674,0.655,0.341,0.809
27937,0.633,0.808,0.283,0.83
40892,0.681,0.997,1.062,0.025
45386,0.683,0.0,0.0,0.073
35379,0.687,0.587,0.319,0.86
37177,0.656,0.706,0.221,0.888
43071,0.759,0.977,0.031,0.613
8385,0.633,0.783,0.4,0.658
23076,0.656,0.603,0.0,0.542
45664,0.683,0.0,0.0,0.073
7569,0.633,0.783,0.4,0.658
17507,0.651,0.907,0.0,0.475
16369,0.674,0.655,0.341,0.809
18358,0.651,0.907,0.0,0.475
32277,0.782,0.284,0.0,0.128
41092,0.681,0.997,1.062,0.025
28350,0.633,0.808,0.283,0.83
230,0.608,0.904,0.605,0.545
48015,0.674,0.535,0.0,0.525
1574,0.608,0.904,0.605,0.545
27346,0.633,0.808,0.283,0.83
41035,0.681,0.997,1.062,0.025
44686,0.777,0.91,0.717,0.534
28112,0.633,0.808,0.283,0.83
4503,0.633,0.783,0.4,0.658
20203,0.656,0.603,0.0,0.542
17726,0.651,0.907,0.0,0.475
35696,0.714,0.634,0.0,0.591
27511,0.633,0.808,0.283,0.83
1275,0.608,0.904,0.605,0.545
21315,0.656,0.603,0.0,0.542
1345,0.608,0.904,0.605,0.545
14061,0.674,0.655,0.341,0.809
48634,0.616,0.0,0.0,0.056
35538,0.714,0.634,0.0,0.591
3913,0.608,0.904,0.605,0.545
8444,0.633,0.783,0.4,0.658
42918,0.759,0.977,0.031,0.613
29376,0.633,0.808,0.283,0.83
43777,0.759,0.977,0.031,0.613
1238,0.608,0.904,0.605,0.545
4595,0.633,0.783,0.4,0.658
8803,0.633,0.783,0.4,0.658
41108,0.681,0.997,1.062,0.025
52995,0.82,0.543,0.084,0.299
43122,0.759,0.977,0.031,0.613
31808,0.766,0.745,0.0,0.482
43276,0.759,0.977,0.031,0.613
29394,0.633,0.808,0.283,0.83
39245,0.681,0.997,1.062,0.025
37688,0.656,0.706,0.221,0.888
36152,0.714,0.634,0.0,0.591
43606,0.759,0.977,0.031,0.613
8435,0.633,0.783,0.4,0.658
10362,0.658,0.748,0.367,0.782
17148,0.651,0.907,0.0,0.475
21937,0.656,0.603,0.0,0.542
28586,0.633,0.808,0.283,0.83
12684,0.658,0.748,0.367,0.782
43141,0.759,0.977,0.031,0.613
15183,0.674,0.655,0.341,0.809
18091,0.651,0.907,0.0,0.475
37824,0.737,0.312,0.0,0.444
20227,0.656,0.603,0.0,0.542
15804,0.674,0.655,0.341,0.809
905,0.608,0.904,0.605,0.545
40861,0.681,0.997,1.062,0.025
34395,0.657,0.684,0.311,0.828
17517,0.651,0.907,0.0,0.475
37879,0.737,0.312,0.0,0.444
4906,0.633,0.783,0.4,0.658
33770,0.657,0.684,0.311,0.828
24457,0.645,0.974,0.044,0.286
48840,0.616,0.0,0.0,0.056
34909,0.687,0.587,0.319,0.86
51412,0.771,0.742,0.03,0.126
27292,0.633,0.808,0.283,0.83
17357,0.651,0.907,0.0,0.475
3928,0.608,0.904,0.605,0.545
31932,0.782,0.284,0.0,0.128
11304,0.658,0.748,0.367,0.782
13536,0.674,0.655,0.341,0.809
13783,0.674,0.655,0.341,0.809
31367,0.713,0.454,0.299,0.923
28612,0.633,0.808,0.283,0.83
38911,0.737,0.312,0.0,0.444
691,0.608,0.904,0.605,0.545
1585,0.608,0.904,0.605,0.545
485,0.608,0.904,0.605,0.545
341,0.608,0.904,0.605,0.545
35321,0.687,0.587,0.319,0.86
13810,0.674,0.655,0.341,0.809
617,0.608,0.904,0.605,0.545
48901,0.616,0.0,0.0,0.056
39152,0.681,0.997,1.062,0.025
48379,0.616,0.0,0.0,0.056
8918,0.633,0.783,0.4,0.658
4582,0.633,0.783,0.4,0.658
5215,0.633,0.783,0.4,0.658
20028,0.656,0.603,0.0,0.542
37968,0.737,0.312,0.0,0.444
1866,0.608,0.904,0.605,0.545
22859,0.656,0.603,0.0,0.542
28150,0.633,0.808,0.283,0.83
3666,0.608,0.904,0.605,0.545
10464,0.658,0.748,0.367,0.782
21411,0.656,0.603,0.0,0.542
38745,0.737,0.312,0.0,0.444
15863,0.674,0.655,0.341,0.809
26819,0.645,0.974,0.044,0.286
36502,0.669,0.872,0.0,0.52
47880,0.674,0.535,0.0,0.525
6071,0.633,0.783,0.4,0.658
53673,0.65,0.0,0.0,0.079
37958,0.737,0.312,0.0,0.444
19220,0.651,0.907,0.0,0.475
9632,0.633,0.783,0.4,0.658
39306,0.681,0.997,1.062,0.025
26531,0.645,0.974,0.044,0.286
34043,0.657,0.684,0.311,0.828
20555,0.656,0.603,0.0,0.542
1972,0.608,0.904,0.605,0.545
17753,0.651,0.907,0.0,0.475
50068,0.706,0.499,0.302,0.912
37007,0.669,0.872,0.0,0.52
40120,0.681,0.997,1.062,0.025
7160,0.633,0.783,0.4,0.658
20824,0.656,0.603,0.0,0.542
28781,0.633,0.808,0.283,0.83
8907,0.633,0.783,0.4,0.658
24778,0.645,0.974,0.044,0.286
39421,0.681,0.997,1.062,0.025
7321,0.633,0.783,0.4,0.658
4764,0.633,0.783,0.4,0.658
13246,0.658,0.748,0.367,0.782
46514,0.768,0.0,0.0,0.044
22527,0.656,0.603,0.0,0.542
17441,0.651,0.907,0.0,0.475
14886,0.674,0.655,0.341,0.809
23027,0.656,0.603,0.0,0.542
1227,0.608,0.904,0.605,0.545
15490,0.674,0.655,0.341,0.809
15900,0.674,0.655,0.341,0.809
20527,0.656,0.603,0.0,0.542
34254,0.657,0.684,0.311,0.828
48835,0.616,0.0,0.0,0.056
27931,0.633,0.808,0.283,0.83
3557,0.608,0.904,0.605,0.545
17430,0.651,0.907,0.0,0.475
15,0.608,0.904,0.605,0.545
23726,0.656,0.603,0.0,0.542
25453,0.645,0.974,0.044,0.286
17981,0.651,0.907,0.0,0.475
17402,0.651,0.907,0.0,0.475
22721,0.656,0.603,0.0,0.542
23889,0.761,0.769,0.04,0.178
14971,0.674,0.655,0.341,0.809
17884,0.651,0.907,0.0,0.475
8974,0.633,0.783,0.4,0.658
36519,0.669,0.872,0.0,0.52
37,0.608,0.904,0.605,0.545
47291,0.645,0.637,0.0,0.527
39713,0.681,0.997,1.062,0.025
10160,0.658,0.748,0.367,0.782
10272,0.658,0.748,0.367,0.782
33372,0.782,0.284,0.0,0.128
39480,0.681,0.997,1.062,0.025
8172,0.633,0.783,0.4,0.658
40322,0.681,0.997,1.062,0.025
16591,0.651,0.907,0.0,0.475
30587,0.633,0.808,0.283,0.83
27251,0.633,0.808,0.283,0.83
32066,0.782,0.284,0.0,0.128
19894,0.651,0.907,0.0,0.475
11836,0.658,0.748,0.367,0.782
10430,0.658,0.748,0.367,0.782
13436,0.674,0.655,0.341,0.809
39322,0.681,0.997,1.062,0.025
6826,0.633,0.783,0.4,0.658
31286,0.713,0.454,0.299,0.923
39929,0.681,0.997,1.062,0.025
20510,0.656,0.603,0.0,0.542
31439,0.713,0.454,0.299,0.923
8667,0.633,0.783,0.4,0.658
34233,0.657,0.684,0.311,0.828
20491,0.656,0.603,0.0,0.542
31584,0.766,0.745,0.0,0.482
6059,0.633,0.783,0.4,0.658
4896,0.633,0.783,0.4,0.658
32195,0.782,0.284,0.0,0.128
48090,0.632,0.732,0.145,0.928
16748,0.651,0.907,0.0,0.475
34904,0.687,0.587,0.319,0.86
21665,0.656,0.603,0.0,0.542
12049,0.658,0.748,0.367,0.782
10471,0.658,0.748,0.367,0.782
43266,0.759,0.977,0.031,0.613
36282,0.669,0.872,0.0,0.52
14773,0.674,0.655,0.341,0.809
27901,0.633,0.808,0.283,0.83
37808,0.737,0.312,0.0,0.444
11759,0.658,0.748,0.367,0.782
16843,0.651,0.907,0.0,0.475
17675,0.651,0.907,0.0,0.475
42535,0.759,0.977,0.031,0.613
36888,0.669,0.872,0.0,0.52
776,0.608,0.904,0.605,0.545
9414,0.633,0.783,0.4,0.658
33572,0.782,0.284,0.0,0.128
47102,0.645,0.637,0.0,0.527
28926,0.633,0.808,0.283,0.83
38346,0.737,0.312,0.0,0.444
30937,0.633,0.808,0.283,0.83
31178,0.713,0.454,0.299,0.923
48324,0.635,0.0,0.0,0.083
14805,0.674,0.655,0.341,0.809
13887,0.674,0.655,0.341,0.809
24957,0.645,0.974,0.044,0.286
12059,0.658,0.748,0.367,0.782
26180,0.645,0.974,0.044,0.286
37169,0.656,0.706,0.221,0.888
52816,0.782,0.284,0.0,0.128
8558,0.633,0.783,0.4,0.658
9235,0.633,0.783,0.4,0.658
28749,0.633,0.808,0.283,0.83
17375,0.651,0.907,0.0,0.475
47302,0.645,0.637,0.0,0.527
25648,0.645,0.974,0.044,0.286
31633,0.766,0.745,0.0,0.482
4711,0.633,0.783,0.4,0.658
20835,0.656,0.603,0.0,0.542
27471,0.633,0.808,0.283,0.83
24742,0.645,0.974,0.044,0.286
29313,0.633,0.808,0.283,0.83
6346,0.633,0.783,0.4,0.658
11939,0.658,0.748,0.367,0.782
9458,0.633,0.783,0.4,0.658
31011,0.633,0.808,0.283,0.83
12976,0.658,0.748,0.367,0.782
23455,0.656,0.603,0.0,0.542
420,0.608,0.904,0.605,0.545
43671,0.759,0.977,0.031,0.613
20038,0.656,0.603,0.0,0.542
48120,0.635,0.0,0.0,0.083
41523,0.681,0.997,1.062,0.025
40501,0.681,0.997,1.062,0.025
24147,0.761,0.769,0.04,0.178
42617,0.759,0.977,0.031,0.613
3576,0.608,0.904,0.605,0.545
25538,0.645,0.974,0.044,0.286
34376,0.657,0.684,0.311,0.828
11492,0.658,0.748,0.367,0.782
29813,0.633,0.808,0.283,0.83
35340,0.687,0.587,0.319,0.86
5031,0.633,0.783,0.4,0.658
30262,0.633,0.808,0.283,0.83
4954,0.633,0.783,0.4,0.658
22959,0.656,0.603,0.0,0.542
8677,0.633,0.783,0.4,0.658
8992,0.633,0.783,0.4,0.658
21470,0.656,0.603,0.0,0.542
11788,0.658,0.748,0.367,0.782
26315,0.645,0.974,0.044,0.286
22099,0.656,0.603,0.0,0.542
49407,0.783,0.614,0.047,0.071
31958,0.782,0.284,0.0,0.128
21726,0.656,0.603,0.0,0.542
346,0.608,0.904,0.605,0.545
40402,0.681,0.997,1.062,0.025
38751,0.737,0.312,0.0,0.444
28874,0.633,0.808,0.283,0.83
33960,0.657,0.684,0.311,0.828
31082,0.713,0.454,0.299,0.923
8748,0.633,0.783,0.4,0.658
12407,0.658,0.748,0.367,0.782
11948,0.658,0.748,0.367,0.782
47661,0.645,0.637,0.0,0.527
19670,0.651,0.907,0.0,0.475
8202,0.633,0.783,0.4,0.658
4757,0.633,0.783,0.4,0.658
46753,0.793,0.27,0.0,0.124
51513,0.692,0.785,0.0,0.557
34305,0.657,0.684,0.311,0.828
1083,0.608,0.904,0.605,0.545
28577,0.633,0.808,0.283,0.83
37757,0.737,0.312,0.0,0.444
606,0.608,0.904,0.605,0.545
9610,0.633,0.783,0.4,0.658
13664,0.674,0.655,0.341,0.809
12443,0.658,0.748,0.367,0.782
43557,0.759,0.977,0.031,0.613
39278,0.681,0.997,1.062,0.025
10369,0.658,0.748,0.367,0.782
22901,0.656,0.603,0.0,0.542
21973,0.656,0.603,0.0,0.542
32003,0.782,0.284,0.0,0.128
38843,0.737,0.312,0.0,0.444
19979,0.656,0.603,0.0,0.542
4814,0.633,0.783,0.4,0.658
41436,0.681,0.997,1.062,0.025
31064,0.713,0.454,0.299,0.923
13379,0.658,0.748,0.367,0.782
12756,0.658,0.748,0.367,0.782
40795,0.681,0.997,1.062,0.025
30415,0.633,0.808,0.283,0.83
47979,0.674,0.535,0.0,0.525
36540,0.669,0.872,0.0,0.52
14965,0.674,0.655,0.341,0.809
16291,0.674,0.655,0.341,0.809
6160,0.633,0.783,0.4,0.658
18537,0.651,0.907,0.0,0.475
12270,0.658,0.748,0.367,0.782
28775,0.633,0.808,0.283,0.83
21582,0.656,0.603,0.0,0.542
20961,0.656,0.603,0.0,0.542
43739,0.759,0.977,0.031,0.613
10326,0.658,0.748,0.367,0.782
377,0.608,0.904,0.605,0.545
42006,0.681,0.997,1.062,0.025
41576,0.681,0.997,1.062,0.025
5664,0.633,0.783,0.4,0.658
33449,0.782,0.284,0.0,0.128
39051,0.681,0.997,1.062,0.025
7366,0.633,0.783,0.4,0.658
29256,0.633,0.808,0.283,0.83
28759,0.633,0.808,0.283,0.83
16608,0.651,0.907,0.0,0.475
37535,0.656,0.706,0.221,0.888
33117,0.782,0.284,0.0,0.128
5301,0.633,0.783,0.4,0.658
28481,0.633,0.808,0.283,0.83
23274,0.656,0.603,0.0,0.542
16328,0.674,0.655,0.341,0.809
34384,0.657,0.684,0.311,0.828
47365,0.645,0.637,0.0,0.527
53896,0.848,0.808,0.044,0.365
19571,0.651,0.907,0.0,0.475
25567,0.645,0.974,0.044,0.286
32238,0.782,0.284,0.0,0.128
34703,0.657,0.684,0.311,0.828
43286,0.759,0.977,0.031,0.613
41718,0.681,0.997,1.062,0.025
16025,0.674,0.655,0.341,0.809
10125,0.658,0.748,0.367,0.782
35795,0.714,0.634,0.0,0.591
6685,0.633,0.783,0.4,0.658
20366,0.656,0.603,0.0,0.542
39218,0.681,0.997,1.062,0.025
503,0.608,0.904,0.605,0.545
3481,0.608,0.904,0.605,0.545
29402,0.633,0.808,0.283,0.83
23118,0.656,0.603,0.0,0.542
48739,0.616,0.0,0.0,0.056
33489,0.782,0.284,0.0,0.128
37927,0.737,0.312,0.0,0.444
17479,0.651,0.907,0.0,0.475
2168,0.608,0.904,0.605,0.545
4359,0.608,0.904,0.605,0.545
20949,0.656,0.603,0.0,0.542
45135,0.777,0.91,0.717,0.534
18230,0.651,0.907,0.0,0.475
38008,0.737,0.312,0.0,0.444
41803,0.681,0.997,1.062,0.025
24568,0.645,0.974,0.044,0.286
45453,0.683,0.0,0.0,0.073
35371,0.687,0.587,0.319,0.86
13984,0.674,0.655,0.341,0.809
13102,0.658,0.748,0.367,0.782
13414,0.674,0.655,0.341,0.809
36435,0.669,0.872,0.0,0.52
28682,0.633,0.808,0.283,0.83
49935,0.783,0.614,0.047,0.071
4566,0.633,0.783,0.4,0.658
41551,0.681,0.997,1.062,0.025
27823,0.633,0.808,0.283,0.83
2722,0.608,0.904,0.605,0.545
8739,0.633,0.783,0.4,0.658
38355,0.737,0.312,0.0,0.444
52451,0.698,0.552,0.315,0.879
37057,0.669,0.872,0.0,0.52
2461,0.608,0.904,0.605,0.545
16795,0.651,0.907,0.0,0.475
4602,0.633,0.783,0.4,0.658
32446,0.782,0.284,0.0,0.128
22504,0.656,0.603,0.0,0.542
30043,0.633,0.808,0.283,0.83
23018,0.656,0.603,0.0,0.542
1554,0.608,0.904,0.605,0.545
19405,0.651,0.907,0.0,0.475
31905,0.782,0.284,0.0,0.128
4793,0.633,0.783,0.4,0.658
25517,0.645,0.974,0.044,0.286
45087,0.777,0.91,0.717,0.534
10179,0.658,0.748,0.367,0.782
19911,0.651,0.907,0.0,0.475
43614,0.759,0.977,0.031,0.613
43472,0.759,0.977,0.031,0.613
28513,0.633,0.808,0.283,0.83
48749,0.616,0.0,0.0,0.056
33706,0.657,0.684,0.311,0.828
14523,0.674,0.655,0.341,0.809
13738,0.674,0.655,0.341,0.809
7823,0.633,0.783,0.4,0.658
9778,0.633,0.783,0.4,0.658
27441,0.633,0.808,0.283,0.83
32045,0.782,0.284,0.0,0.128
45654,0.683,0.0,0.0,0.073
38602,0.737,0.312,0.0,0.444
24388,0.645,0.974,0.044,0.286
22491,0.656,0.603,0.0,0.542
39490,0.681,0.997,1.062,0.025
23613,0.656,0.603,0.0,0.542
48422,0.616,0.0,0.0,0.056
34403,0.657,0.684,0.311,0.828
7032,0.633,0.783,0.4,0.658
29079,0.633,0.808,0.283,0.83
43497,0.759,0.977,0.031,0.613
14945,0.674,0.655,0.341,0.809
18527,0.651,0.907,0.0,0.475
2511,0.608,0.904,0.605,0.545
24599,0.645,0.974,0.044,0.286
4261,0.608,0.904,0.605,0.545
1945,0.608,0.904,0.605,0.545
1558,0.608,0.904,0.605,0.545
42225,0.67,0.559,0.0,0.548
30305,0.633,0.808,0.283,0.83
49291,0.648,0.707,0.0,0.477
38286,0.737,0.312,0.0,0.444
11229,0.658,0.748,0.367,0.782
43271,0.759,0.977,0.031,0.613
3424,0.608,0.904,0.605,0.545
30281,0.633,0.808,0.283,0.83
28253,0.633,0.808,0.283,0.83
34100,0.657,0.684,0.311,0.828
624,0.608,0.904,0.605,0.545
53662,0.65,0.0,0.0,0.079
34782,0.687,0.587,0.319,0.86
25281,0.645,0.974,0.044,0.286
33786,0.657,0.684,0.311,0.828
15111,0.674,0.655,0.341,0.809
42541,0.759,0.977,0.031,0.613
20547,0.656,0.603,0.0,0.542
11510,0.658,0.748,0.367,0.782
27978,0.633,0.808,0.283,0.83
3799,0.608,0.904,0.605,0.545
19455,0.651,0.907,0.0,0.475
9308,0.633,0.783,0.4,0.658
26682,0.645,0.974,0.044,0.286
29986,0.633,0.808,0.283,0.83
19728,0.651,0.907,0.0,0.475
5712,0.633,0.783,0.4,0.658
9018,0.633,0.783,0.4,0.658
10208,0.658,0.748,0.367,0.782
2665,0.608,0.904,0.605,0.545
45079,0.777,0.91,0.717,0.534
5829,0.633,0.783,0.4,0.658
40898,0.681,0.997,1.062,0.025
2148,0.608,0.904,0.605,0.545
29137,0.633,0.808,0.283,0.83
7698,0.633,0.783,0.4,0.658
13848,0.674,0.655,0.341,0.809
10730,0.658,0.748,0.367,0.782
37354,0.656,0.706,0.221,0.888
36548,0.669,0.872,0.0,0.52
16430,0.674,0.655,0.341,0.809
38336,0.737,0.312,0.0,0.444
47216,0.645,0.637,0.0,0.527
6736,0.633,0.783,0.4,0.658
13838,0.674,0.655,0.341,0.809
4145,0.608,0.904,0.605,0.545
21128,0.656,0.603,0.0,0.542
34914,0.687,0.587,0.319,0.86
42077,0.681,0.997,1.062,0.025
38789,0.737,0.312,0.0,0.444
47567,0.645,0.637,0.0,0.527
36231,0.714,0.634,0.0,0.591
43080,0.759,0.977,0.031,0.613
51311,0.771,0.742,0.03,0.126
24368,0.645,0.974,0.044,0.286
26220,0.645,0.974,0.044,0.286
48765,0.616,0.0,0.0,0.056
40466,0.681,0.997,1.062,0.025
43631,0.759,0.977,0.031,0.613
20195,0.656,0.603,0.0,0.542
37670,0.656,0.706,0.221,0.888
8359,0.633,0.783,0.4,0.658
7885,0.633,0.783,0.4,0.658
35527,0.714,0.634,0.0,0.591
35831,0.714,0.634,0.0,0.591
15823,0.674,0.655,0.341,0.809
24194,0.761,0.769,0.04,0.178
20451,0.656,0.603,0.0,0.542
33502,0.782,0.284,0.0,0.128
34582,0.657,0.684,0.311,0.828
15785,0.674,0.655,0.341,0.809
5205,0.633,0.783,0.4,0.658
22831,0.656,0.603,0.0,0.542
3232,0.608,0.904,0.605,0.545
20246,0.656,0.603,0.0,0.542
14269,0.674,0.655,0.341,0.809
36415,0.669,0.872,0.0,0.52
32411,0.782,0.284,0.0,0.128
37801,0.737,0.312,0.0,0.444
12424,0.658,0.748,0.367,0.782
23094,0.656,0.603,0.0,0.542
36962,0.669,0.872,0.0,0.52
47617,0.645,0.637,0.0,0.527
33860,0.657,0.684,0.311,0.828
45867,0.683,0.0,0.0,0.073
14744,0.674,0.655,0.341,0.809
38195,0.737,0.312,0.0,0.444
28958,0.633,0.808,0.283,0.83
39089,0.681,0.997,1.062,0.025
23719,0.656,0.603,0.0,0.542
27685,0.633,0.808,0.283,0.83
1661,0.608,0.904,0.605,0.545
3509,0.608,0.904,0.605,0.545
4887,0.633,0.783,0.4,0.658
28980,0.633,0.808,0.283,0.83
9891,0.633,0.783,0.4,0.658
18106,0.651,0.907,0.0,0.475
21164,0.656,0.603,0.0,0.542
33430,0.782,0.284,0.0,0.128
39352,0.681,0.997,1.062,0.025
22138,0.656,0.603,0.0,0.542
19679,0.651,0.907,0.0,0.475
13768,0.674,0.655,0.341,0.809
26162,0.645,0.974,0.044,0.286
4051,0.608,0.904,0.605,0.545
41832,0.681,0.997,1.062,0.025
7621,0.633,0.783,0.4,0.658
19811,0.651,0.907,0.0,0.475
5993,0.633,0.783,0.4,0.658
16460,0.674,0.655,0.341,0.809
35867,0.714,0.634,0.0,0.591
20462,0.656,0.603,0.0,0.542
4945,0.633,0.783,0.4,0.658
23578,0.656,0.603,0.0,0.542
24658,0.645,0.974,0.044,0.286
22657,0.656,0.603,0.0,0.542
13369,0.658,0.748,0.367,0.782
41292,0.681,0.997,1.062,0.025
32977,0.782,0.284,0.0,0.128
28382,0.633,0.808,0.283,0.83
16534,0.651,0.907,0.0,0.475
9878,0.633,0.783,0.4,0.658
43442,0.759,0.977,0.031,0.613
43043,0.759,0.977,0.031,0.613
39460,0.681,0.997,1.062,0.025
384,0.608,0.904,0.605,0.545
23734,0.656,0.603,0.0,0.542
12740,0.658,0.748,0.367,0.782
13508,0.674,0.655,0.341,0.809
21175,0.656,0.603,0.0,0.542
14726,0.674,0.655,0.341,0.809
43958,0.759,0.977,0.031,0.613
6179,0.633,0.783,0.4,0.658
24270,0.645,0.974,0.044,0.286
13324,0.658,0.748,0.367,0.782
41263,0.681,0.997,1.062,0.025
47180,0.645,0.637,0.0,0.527
42477,0.759,0.977,0.031,0.613
4749,0.633,0.783,0.4,0.658
35747,0.714,0.634,0.0,0.591
1399,0.608,0.904,0.605,0.545
10089,0.658,0.748,0.367,0.782
25020,0.645,0.974,0.044,0.286
4294,0.608,0.904,0.605,0.545
247,0.608,0.904,0.605,0.545
15131,0.674,0.655,0.341,0.809
42083,0.681,0.997,1.062,0.025
4132,0.608,0.904,0.605,0.545
272,0.608,0.904,0.605,0.545
13893,0.674,0.655,0.341,0.809
30421,0.633,0.808,0.283,0.83
26835,0.645,0.974,0.044,0.286
156,0.608,0.904,0.605,0.545
26297,0.645,0.974,0.044,0.286
39570,0.681,0.997,1.062,0.025
39501,0.681,0.997,1.062,0.025
22969,0.656,0.603,0.0,0.542
43432,0.759,0.977,0.031,0.613
29940,0.633,0.808,0.283,0.83
34285,0.657,0.684,0.311,0.828
27495,0.633,0.808,0.283,0.83
33739,0.657,0.684,0.311,0.828
38218,0.737,0.312,0.0,0.444
3224,0.608,0.904,0.605,0.545
4856,0.633,0.783,0.4,0.658
3697,0.608,0.904,0.605,0.545
27803,0.633,0.808,0.283,0.83
40835,0.681,0.997,1.062,0.025
1092,0.608,0.904,0.605,0.545
42607,0.759,0.977,0.031,0.613
25042,0.645,0.974,0.044,0.286
8339,0.633,0.783,0.4,0.658
42442,0.759,0.977,0.031,0.613
3568,0.608,0.904,0.605,0.545
4275,0.608,0.904,0.605,0.545
38099,0.737,0.312,0.0,0.444
3077,0.608,0.904,0.605,0.545
26355,0.645,0.974,0.044,0.286
48533,0.616,0.0,0.0,0.056
19479,0.651,0.907,0.0,0.475
37988,0.737,0.312,0.0,0.444
40479,0.681,0.997,1.062,0.025
9055,0.633,0.783,0.4,0.658
1679,0.608,0.904,0.605,0.545
28845,0.633,0.808,0.283,0.83
9506,0.633,0.783,0.4,0.658
19360,0.651,0.907,0.0,0.475
23377,0.656,0.603,0.0,0.542
43574,0.759,0.977,0.031,0.613
45527,0.683,0.0,0.0,0.073
42980,0.759,0.977,0.031,0.613
16076,0.674,0.655,0.341,0.809
48546,0.616,0.0,0.0,0.056
29862,0.633,0.808,0.283,0.83
27300,0.633,0.808,0.283,0.83
35902,0.714,0.634,0.0,0.591
47370,0.645,0.637,0.0,0.527
18676,0.651,0.907,0.0,0.475
2502,0.608,0.904,0.605,0.545
25196,0.645,0.974,0.044,0.286
34930,0.687,0.587,0.319,0.86
4809,0.633,0.783,0.4,0.658
513,0.608,0.904,0.605,0.545
34443,0.657,0.684,0.311,0.828
47001,0.645,0.637,0.0,0.527
38107,0.737,0.312,0.0,0.444
3490,0.608,0.904,0.605,0.545
15283,0.674,0.655,0.341,0.809
49788,0.783,0.614,0.047,0.071
37250,0.656,0.706,0.221,0.888
118,0.608,0.904,0.605,0.545
30095,0.633,0.808,0.283,0.83
33925,0.657,0.684,0.311,0.828
43710,0.759,0.977,0.031,0.613
35262,0.687,0.587,0.319,0.86
17085,0.651,0.907,0.0,0.475
9067,0.633,0.783,0.4,0.658
32479,0.782,0.284,0.0,0.128
17316,0.651,0.907,0.0,0.475
5646,0.633,0.783,0.4,0.658
43306,0.759,0.977,0.031,0.613
27588,0.633,0.808,0.283,0.83
12338,0.658,0.748,0.367,0.782
18815,0.651,0.907,0.0,0.475
20351,0.656,0.603,0.0,0.542
35330,0.687,0.587,0.319,0.86
18471,0.651,0.907,0.0,0.475
10055,0.658,0.748,0.367,0.782
21386,0.656,0.603,0.0,0.542
7613,0.633,0.783,0.4,0.658
28973,0.633,0.808,0.283,0.83
19330,0.651,0.907,0.0,0.475
28314,0.633,0.808,0.283,0.83
36242,0.669,0.872,0.0,0.52
31896,0.782,0.284,0.0,0.128
49578,0.783,0.614,0.047,0.071
16417,0.674,0.655,0.341,0.809
14218,0.674,0.655,0.341,0.809
44842,0.777,0.91,0.717,0.534
34897,0.687,0.587,0.319,0.86
39681,0.681,0.997,1.062,0.025
4773,0.633,0.783,0.4,0.658
27608,0.633,0.808,0.283,0.83
3611,0.608,0.904,0.605,0.545
28606,0.633,0.808,0.283,0.83
6297,0.633,0.783,0.4,0.658
41401,0.681,0.997,1.062,0.025
15028,0.674,0.655,0.341,0.809
30186,0.633,0.808,0.283,0.83
39059,0.681,0.997,1.062,0.025
45773,0.683,0.0,0.0,0.073
9028,0.633,0.783,0.4,0.658
41704,0.681,0.997,1.062,0.025
47459,0.645,0.637,0.0,0.527
28491,0.633,0.808,0.283,0.83
32534,0.782,0.284,0.0,0.128
14718,0.674,0.655,0.341,0.809
11337,0.658,0.748,0.367,0.782
13627,0.674,0.655,0.341,0.809
17990,0.651,0.907,0.0,0.475
20426,0.656,0.603,0.0,0.542
4314,0.608,0.904,0.605,0.545
10654,0.658,0.748,0.367,0.782
41732,0.681,0.997,1.062,0.025
17588,0.651,0.907,0.0,0.475
11457,0.658,0.748,0.367,0.782
16653,0.651,0.907,0.0,0.475
4609,0.633,0.783,0.4,0.658
17201,0.651,0.907,0.0,0.475
31073,0.713,0.454,0.299,0.923
47410,0.645,0.637,0.0,0.527
8257,0.633,0.783,0.4,0.658
36659,0.669,0.872,0.0,0.52
33970,0.657,0.684,0.311,0.828
7564,0.633,0.783,0.4,0.658
24836,0.645,0.974,0.044,0.286
35349,0.687,0.587,0.319,0.86
16686,0.651,0.907,0.0,0.475
30216,0.633,0.808,0.283,0.83
26099,0.645,0.974,0.044,0.286
48709,0.616,0.0,0.0,0.056
3037,0.608,0.904,0.605,0.545
20010,0.656,0.603,0.0,0.542
11669,0.658,0.748,0.367,0.782
9541,0.633,0.783,0.4,0.658
10353,0.658,0.748,0.367,0.782
11028,0.658,0.748,0.367,0.782
2763,0.608,0.904,0.605,0.545
37319,0.656,0.706,0.221,0.888
10406,0.658,0.748,0.367,0.782
14813,0.674,0.655,0.341,0.809
31389,0.713,0.454,0.299,0.923
20721,0.656,0.603,0.0,0.542
21913,0.656,0.603,0.0,0.542
3388,0.608,0.904,0.605,0.545
11651,0.658,0.748,0.367,0.782
14932,0.674,0.655,0.341,0.809
35208,0.687,0.587,0.319,0.86
19109,0.651,0.907,0.0,0.475
33631,0.657,0.684,0.311,0.828
42734,0.759,0.977,0.031,0.613
32118,0.782,0.284,0.0,0.128
37131,0.656,0.706,0.221,0.888
43597,0.759,0.977,0.031,0.613
16770,0.651,0.907,0.0,0.475
2219,0.608,0.904,0.605,0.545
30108,0.633,0.808,0.283,0.83
4976,0.633,0.783,0.4,0.658
12512,0.658,0.748,0.367,0.782
17384,0.651,0.907,0.0,0.475
5039,0.633,0.783,0.4,0.658
4444,0.633,0.783,0.4,0.658
28537,0.633,0.808,0.283,0.83
9319,0.633,0.783,0.4,0.658
5510,0.633,0.783,0.4,0.658
13274,0.658,0.748,0.367,0.782
15882,0.674,0.655,0.341,0.809
3138,0.608,0.904,0.605,0.545
4556,0.633,0.783,0.4,0.658
34427,0.657,0.684,0.311,0.828
26968,0.645,0.974,0.044,0.286
16243,0.674,0.655,0.341,0.809
41621,0.681,0.997,1.062,0.025
33841,0.657,0.684,0.311,0.828
23883,0.761,0.769,0.04,0.178
17495,0.651,0.907,0.0,0.475
325,0.608,0.904,0.605,0.545
21289,0.656,0.603,0.0,0.542
39203,0.681,0.997,1.062,0.025
42207,0.67,0.559,0.0,0.548
24710,0.645,0.974,0.044,0.286
28994,0.633,0.808,0.283,0.83
45397,0.683,0.0,0.0,0.073
11248,0.658,0.748,0.367,0.782
11112,0.658,0.748,0.367,0.782
16661,0.651,0.907,0.0,0.475
8279,0.633,0.783,0.4,0.658
24042,0.761,0.769,0.04,0.178
41321,0.681,0.997,1.062,0.025
10281,0.658,0.748,0.367,0.782
37215,0.656,0.706,0.221,0.888
18145,0.651,0.907,0.0,0.475
49852,0.783,0.614,0.047,0.071
24130,0.761,0.769,0.04,0.178
16125,0.674,0.655,0.341,0.809
34834,0.687,0.587,0.319,0.86
39369,0.681,0.997,1.062,0.025
550,0.608,0.904,0.605,0.545
20704,0.656,0.603,0.0,0.542
36331,0.669,0.872,0.0,0.52
12878,0.658,0.748,0.367,0.782
8454,0.633,0.783,0.4,0.658
4668,0.633,0.783,0.4,0.658
13463,0.674,0.655,0.341,0.809
23109,0.656,0.603,0.0,0.542
16184,0.674,0.655,0.341,0.809
45743,0.683,0.0,0.0,0.073
42409,0.67,0.559,0.0,0.548
39960,0.681,0.997,1.062,0.025
48719,0.616,0.0,0.0,0.056
21108,0.656,0.603,0.0,0.542
9089,0.633,0.783,0.4,0.658
42451,0.759,0.977,0.031,0.613
24556,0.645,0.974,0.044,0.286
45444,0.683,0.0,0.0,0.073
43507,0.759,0.977,0.031,0.613
39640,0.681,0.997,1.062,0.025
29959,0.633,0.808,0.283,0.83
3604,0.608,0.904,0.605,0.545
4984,0.633,0.783,0.4,0.658
24360,0.645,0.974,0.044,0.286
16314,0.674,0.655,0.341,0.809
27127,0.633,0.808,0.283,0.83
23332,0.656,0.603,0.0,0.542
8731,0.633,0.783,0.4,0.658
47742,0.674,0.535,0.0,0.525
32203,0.782,0.284,0.0,0.128
33797,0.657,0.684,0.311,0.828
24475,0.645,0.974,0.044,0.286
17706,0.651,0.907,0.0,0.475
23208,0.656,0.603,0.0,0.542
42741,0.759,0.977,0.031,0.613
27965,0.633,0.808,0.283,0.83
41696,0.681,0.997,1.062,0.025
17064,0.651,0.907,0.0,0.475
20456,0.656,0.603,0.0,0.542
41531,0.681,0.997,1.062,0.025
11818,0.658,0.748,0.367,0.782
46746,0.793,0.27,0.0,0.124
45418,0.683,0.0,0.0,0.073
7236,0.633,0.783,0.4,0.658
37641,0.656,0.706,0.221,0.888
40912,0.681,0.997,1.062,0.025
34091,0.657,0.684,0.311,0.828
33579,0.782,0.284,0.0,0.128
13482,0.674,0.655,0.341,0.809
29568,0.633,0.808,0.283,0.83
48759,0.616,0.0,0.0,0.056
21560,0.656,0.603,0.0,0.542
20215,0.656,0.603,0.0,0.542
4060,0.608,0.904,0.605,0.545
31968,0.782,0.284,0.0,0.128
6693,0.633,0.783,0.4,0.658
1445,0.608,0.904,0.605,0.545
4728,0.633,0.783,0.4,0.658
19654,0.651,0.907,0.0,0.475
24917,0.645,0.974,0.044,0.286
26364,0.645,0.974,0.044,0.286
41076,0.681,0.997,1.062,0.025
38273,0.737,0.312,0.0,0.444
5954,0.633,0.783,0.4,0.658
20904,0.656,0.603,0.0,0.542
30796,0.633,0.808,0.283,0.83
37292,0.656,0.706,0.221,0.888
44646,0.777,0.91,0.717,0.534
23898,0.761,0.769,0.04,0.178
51289,0.771,0.742,0.03,0.126
5266,0.633,0.783,0.4,0.658
30149,0.633,0.808,0.283,0.83
14571,0.674,0.655,0.341,0.809
23494,0.656,0.603,0.0,0.542
27241,0.633,0.808,0.283,0.83
16622,0.651,0.907,0.0,0.475
36600,0.669,0.872,0.0,0.52
5845,0.633,0.783,0.4,0.658
27330,0.633,0.808,0.283,0.83
43462,0.759,0.977,0.031,0.613
2823,0.608,0.904,0.605,0.545
29443,0.633,0.808,0.283,0.83
12787,0.658,0.748,0.367,0.782
24897,0.645,0.974,0.044,0.286
24520,0.645,0.974,0.044,0.286
21004,0.656,0.603,0.0,0.542
2538,0.608,0.904,0.605,0.545
6194,0.633,0.783,0.4,0.658
36255,0.669,0.872,0.0,0.52
28343,0.633,0.808,0.283,0.83
42298,0.67,0.559,0.0,0.548
4901,0.633,0.783,0.4,0.658
10819,0.658,0.748,0.367,0.782
4538,0.633,0.783,0.4,0.658
27417,0.633,0.808,0.283,0.83
49311,0.648,0.707,0.0,0.477
